SNO,MESSAGE_ID,MESSAGE,VIDEO_NAME,STATUS
1,563,"Peak Level of Car Edit ğŸ˜­ğŸ˜­ğŸ˜‚ğŸ˜‚







JOIN IN THE PREMIUM SIDE OF THE TELEGRAM : ğŸ‘‰ğŸ» CAR HUB

Put your reaction if you are Cars Edit lover â¤ï¸
 
#CarEdit #CarsEdit@Carss_Edit #AestheticEdits@Carss_Edit #SmoothTransitions@Carss_Edit #4KEdits@Carss_Edit",ssstik.io_1754804879720.mp4
2,562,"JOIN IN THE PREMIUM SIDE OF THE TELEGRAM : ğŸ‘‰ğŸ» CAR HUB

Put your reaction if you are Cars Edit lover â¤ï¸
 
#CarEdit #CarsEdit@Carss_Edit #AestheticEdits@Carss_Edit #SmoothTransitions@Carss_Edit #4KEdits@Carss_Edit",ssstik.io_1754804737403.mp4
3,561,"JOIN IN THE PREMIUM SIDE OF THE TELEGRAM : ğŸ‘‰ğŸ» CAR HUB

Put your reaction if you are Cars Edit lover â¤ï¸
 
#CarEdit #CarsEdit@Carss_Edit #AestheticEdits@Carss_Edit #SmoothTransitions@Carss_Edit #4KEdits@Carss_Edit",ssstik.io_1754804634935.mp4
4,560,"Cool POLIZEI ğŸš”






JOIN IN THE PREMIUM SIDE OF THE TELEGRAM : ğŸ‘‰ğŸ» CAR HUB

Put your reaction if you are Cars Edit lover â¤ï¸
 
#CarEdit #CarsEdit@Carss_Edit #AestheticEdits@Carss_Edit #SmoothTransitions@Carss_Edit #4KEdits@Carss_Edit",ssstik.io_1754804582429.mp4
5,559,"JOIN IN THE PREMIUM SIDE OF THE TELEGRAM : ğŸ‘‰ğŸ» CAR HUB

Put your reaction if you are Cars Edit lover â¤ï¸
 
#CarEdit #CarsEdit@Carss_Edit #AestheticEdits@Carss_Edit #SmoothTransitions@Carss_Edit #4KEdits@Carss_Edit",ssstik.io_1754804538388.mp4
6,558,"JOIN IN THE PREMIUM SIDE OF THE TELEGRAM : ğŸ‘‰ğŸ» CAR HUB

Put your reaction if you are Cars Edit lover â¤ï¸
 
#CarEdit #CarsEdit@Carss_Edit #AestheticEdits@Carss_Edit #SmoothTransitions@Carss_Edit #4KEdits@Carss_Edit",ssstik.io_1754804466984.mp4
7,557,"JOIN IN THE PREMIUM SIDE OF THE TELEGRAM : ğŸ‘‰ğŸ» CAR HUB

Put your reaction if you are Cars Edit lover â¤ï¸
 
#CarEdit #CarsEdit@Carss_Edit #AestheticEdits@Carss_Edit #SmoothTransitions@Carss_Edit #4KEdits@Carss_Edit",ssstik.io_1754804366825.mp4
8,556,"JOIN IN THE PREMIUM SIDE OF THE TELEGRAM : ğŸ‘‰ğŸ» CAR HUB

Put your reaction if you are Cars Edit lover â¤ï¸
 
#CarEdit #CarsEdit@Carss_Edit #AestheticEdits@Carss_Edit #SmoothTransitions@Carss_Edit #4KEdits@Carss_Edit",ssstik.io_1754804281672.mp4
9,555,"JOIN IN THE PREMIUM SIDE OF THE TELEGRAM : ğŸ‘‰ğŸ» CAR HUB

Put your reaction if you are Cars Edit lover â¤ï¸
 
#CarEdit #CarsEdit@Carss_Edit #AestheticEdits@Carss_Edit #SmoothTransitions@Carss_Edit #4KEdits@Carss_Edit",ssstik.io_1754804204034.mp4
10,554,"JOIN IN THE PREMIUM SIDE OF THE TELEGRAM : ğŸ‘‰ğŸ» CAR HUB

Put your reaction if you are Cars Edit lover â¤ï¸
 
#CarEdit #CarsEdit@Carss_Edit #AestheticEdits@Carss_Edit #SmoothTransitions@Carss_Edit #4KEdits@Carss_Edit",ssstik.io_1754804169163.mp4
11,553,"JOIN IN THE PREMIUM SIDE OF THE TELEGRAM : ğŸ‘‰ğŸ» CAR HUB

Put your reaction if you are Cars Edit lover â¤ï¸
 
#CarEdit #CarsEdit@Carss_Edit #AestheticEdits@Carss_Edit #SmoothTransitions@Carss_Edit #4KEdits@Carss_Edit",ssstik.io_1754804094459.mp4
12,552,"JOIN IN THE PREMIUM SIDE OF THE TELEGRAM : ğŸ‘‰ğŸ» CAR HUB

Put your reaction if you are Cars Edit lover â¤ï¸
 
#CarEdit #CarsEdit@Carss_Edit #AestheticEdits@Carss_Edit #SmoothTransitions@Carss_Edit #4KEdits@Carss_Edit",ssstik.io_1754804033792.mp4
13,551,"JOIN IN THE PREMIUM SIDE OF THE TELEGRAM : ğŸ‘‰ğŸ» CAR HUB

Put your reaction if you are Cars Edit lover â¤ï¸
 
#CarEdit #CarsEdit@Carss_Edit #AestheticEdits@Carss_Edit #SmoothTransitions@Carss_Edit #4KEdits@Carss_Edit",ssstik.io_1754804003647.mp4
14,550,"JOIN IN THE PREMIUM SIDE OF THE TELEGRAM : ğŸ‘‰ğŸ» CAR HUB

Put your reaction if you are Cars Edit lover â¤ï¸
 
#CarEdit #CarsEdit@Carss_Edit #AestheticEdits@Carss_Edit #SmoothTransitions@Carss_Edit #4KEdits@Carss_Edit",ssstik.io_1754803507533.mp4
15,549,"JOIN IN THE PREMIUM SIDE OF THE TELEGRAM : ğŸ‘‰ğŸ» CAR HUB

Put your reaction if you are Cars Edit lover â¤ï¸
 
#CarEdit #CarsEdit@Carss_Edit #AestheticEdits@Carss_Edit #SmoothTransitions@Carss_Edit #4KEdits@Carss_Edit",ssstik.io_1754765674979.mp4
16,548,"JOIN IN THE PREMIUM SIDE OF THE TELEGRAM : ğŸ‘‰ğŸ» CAR HUB

Put your reaction if you are Cars Edit lover â¤ï¸
 
#CarEdit #CarsEdit@Carss_Edit #AestheticEdits@Carss_Edit #SmoothTransitions@Carss_Edit #4KEdits@Carss_Edit",ssstik.io_1754764675674.mp4
17,547,"JOIN IN THE PREMIUM SIDE OF THE TELEGRAM : ğŸ‘‰ğŸ» CAR HUB

Put your reaction if you are Cars Edit lover â¤ï¸
 
#CarEdit #CarsEdit@Carss_Edit #AestheticEdits@Carss_Edit #SmoothTransitions@Carss_Edit #4KEdits@Carss_Edit",ssstik.io_1754764549070.mp4
18,546,"JOIN IN THE PREMIUM SIDE OF THE TELEGRAM : ğŸ‘‰ğŸ» CAR HUB

Put your reaction if you are Cars Edit lover â¤ï¸
 
#CarEdit #CarsEdit@Carss_Edit #AestheticEdits@Carss_Edit #SmoothTransitions@Carss_Edit #4KEdits@Carss_Edit",ssstik.io_1754764287760.mp4
19,544,"JOIN IN THE PREMIUM SIDE OF THE TELEGRAM : ğŸ‘‰ğŸ» CAR HUB

Put your reaction if you are Cars Edit lover â¤ï¸
 
#CarEdit #CarsEdit@Carss_Edit #AestheticEdits@Carss_Edit #SmoothTransitions@Carss_Edit #4KEdits@Carss_Edit",ssstik.io_1754762859557.mp4
20,543,"JOIN IN THE PREMIUM SIDE OF THE TELEGRAM : ğŸ‘‰ğŸ» CAR HUB

Put your reaction if you are Cars Edit lover â¤ï¸
 
#CarEdit #CarsEdit@Carss_Edit #AestheticEdits@Carss_Edit #SmoothTransitions@Carss_Edit #4KEdits@Carss_Edit",ssstik.io_1754762753687.mp4
21,542,"JOIN IN THE PREMIUM SIDE OF THE TELEGRAM : ğŸ‘‰ğŸ» CAR HUB

Put your reaction if you are Cars Edit lover â¤ï¸
 
#CarEdit #CarsEdit@Carss_Edit #AestheticEdits@Carss_Edit #SmoothTransitions@Carss_Edit #4KEdits@Carss_Edit",ssstik.io_1750669764021.mp4
22,541,"JOIN IN THE PREMIUM SIDE OF THE TELEGRAM : ğŸ‘‰ğŸ» CAR HUB

Put your reaction if you are Cars Edit lover â¤ï¸
 
#CarEdit #CarsEdit@Carss_Edit #AestheticEdits@Carss_Edit #SmoothTransitions@Carss_Edit #4KEdits@Carss_Edit",ssstik.io_1750668668636.mp4
23,538,"JOIN IN THE PREMIUM SIDE OF THE TELEGRAM : ğŸ‘‰ğŸ» CAR HUB

Put your reaction if you are Cars Edit lover â¤ï¸
 
#CarEdit #CarsEdit@Carss_Edit #AestheticEdits@Carss_Edit #SmoothTransitions@Carss_Edit #4KEdits@Carss_Edit",ssstik.io_@yurii.k_edits_1754764235240.mp4
24,537,"JOIN IN THE PREMIUM SIDE OF THE TELEGRAM : ğŸ‘‰ğŸ» CAR HUB

Put your reaction if you are Cars Edit lover â¤ï¸
 
#CarEdit #CarsEdit@Carss_Edit #AestheticEdits@Carss_Edit #SmoothTransitions@Carss_Edit #4KEdits@Carss_Edit",SaveVid_Net_AQPhZst_tzgc5qqW5X0krCfOweYVp3roa4rFQT9JJtRKGFW9okJBjo.mp4
25,536,"JOIN IN THE PREMIUM SIDE OF THE TELEGRAM : ğŸ‘‰ğŸ» CAR HUB

Put your reaction if you are Cars Edit lover â¤ï¸
 
#CarEdit #CarsEdit@Carss_Edit #AestheticEdits@Carss_Edit #SmoothTransitions@Carss_Edit #4KEdits@Carss_Edit",SaveVid_Net_AQMKUwtnwFkaX1CbCrPWT4m_TJkDFifTx7_xjjNRcg_ASQ9QGJHH.mp4
26,535,"JOIN IN THE PREMIUM SIDE OF THE TELEGRAM : ğŸ‘‰ğŸ» CAR HUB

Put your reaction if you are Cars Edit lover â¤ï¸
 
#CarEdit #CarsEdit@Carss_Edit #AestheticEdits@Carss_Edit #SmoothTransitions@Carss_Edit #4KEdits@Carss_Edit",reelsvideo.io_1754763763279.mp4
27,534,"JOIN IN THE PREMIUM SIDE OF THE TELEGRAM : ğŸ‘‰ğŸ» CAR HUB

Put your reaction if you are Cars Edit lover â¤ï¸
 
#CarEdit #CarsEdit@Carss_Edit #AestheticEdits@Carss_Edit #SmoothTransitions@Carss_Edit #4KEdits@Carss_Edit",reelsvideo.io_1754763631780.mp4
28,533,"JOIN IN THE PREMIUM SIDE OF THE TELEGRAM : ğŸ‘‰ğŸ» CAR HUB

Put your reaction if you are Cars Edit lover â¤ï¸
 
#CarEdit #CarsEdit@Carss_Edit #AestheticEdits@Carss_Edit #SmoothTransitions@Carss_Edit #4KEdits@Carss_Edit",video_533
29,532,"JOIN IN THE PREMIUM SIDE OF THE TELEGRAM : ğŸ‘‰ğŸ» CAR HUB

Put your reaction if you are Cars Edit lover â¤ï¸
 
#CarEdit #CarsEdit@Carss_Edit #AestheticEdits@Carss_Edit #SmoothTransitions@Carss_Edit #4KEdits@Carss_Edit",video_532
30,531,"JOIN IN THE PREMIUM SIDE OF THE TELEGRAM : ğŸ‘‰ğŸ» CAR HUB

Put your reaction if you are Cars Edit lover â¤ï¸
 
#CarEdit #CarsEdit@Carss_Edit #AestheticEdits@Carss_Edit #SmoothTransitions@Carss_Edit #4KEdits@Carss_Edit",video_531
31,516,"JOIN IN THE PREMIUM SIDE OF THE TELEGRAM : ğŸ‘‰ğŸ» CAR HUB

Put your reaction if you are Cars Edit lover â¤ï¸
 
#CarEdit #CarsEdit@Carss_Edit #AestheticEdits@Carss_Edit #SmoothTransitions@Carss_Edit #4KEdits@Carss_Edit",video_516
32,515,"JOIN IN THE PREMIUM SIDE OF THE TELEGRAM : ğŸ‘‰ğŸ» CAR HUB

Put your reaction if you are Cars Edit lover â¤ï¸
 
#CarEdit #CarsEdit@Carss_Edit #AestheticEdits@Carss_Edit #SmoothTransitions@Carss_Edit #4KEdits@Carss_Edit",video_515
33,514,"JOIN IN THE PREMIUM SIDE OF THE TELEGRAM : ğŸ‘‰ğŸ» CAR HUB

Put your reaction if you are Cars Edit lover â¤ï¸
 
#CarEdit #CarsEdit@Carss_Edit #AestheticEdits@Carss_Edit #SmoothTransitions@Carss_Edit #4KEdits@Carss_Edit",reelsvideo.io_1754763763279.mp4
34,513,"JOIN IN THE PREMIUM SIDE OF THE TELEGRAM : ğŸ‘‰ğŸ» CAR HUB

Put your reaction if you are Cars Edit lover â¤ï¸
 
#CarEdit #CarsEdit@Carss_Edit #AestheticEdits@Carss_Edit #SmoothTransitions@Carss_Edit #4KEdits@Carss_Edit",reelsvideo.io_1754763631780.mp4
35,512,"JOIN IN THE PREMIUM SIDE OF THE TELEGRAM : ğŸ‘‰ğŸ» CAR HUB

Put your reaction if you are Cars Edit lover â¤ï¸
 
#CarEdit #CarsEdit@Carss_Edit #AestheticEdits@Carss_Edit #SmoothTransitions@Carss_Edit #4KEdits@Carss_Edit",SaveVid_Net_AQPhZst_tzgc5qqW5X0krCfOweYVp3roa4rFQT9JJtRKGFW9okJBjo.mp4
36,511,"JOIN IN THE PREMIUM SIDE OF THE TELEGRAM : ğŸ‘‰ğŸ» CAR HUB

Put your reaction if you are Cars Edit lover â¤ï¸
 
#CarEdit #CarsEdit@Carss_Edit #AestheticEdits@Carss_Edit #SmoothTransitions@Carss_Edit #4KEdits@Carss_Edit",SaveVid_Net_AQMKUwtnwFkaX1CbCrPWT4m_TJkDFifTx7_xjjNRcg_ASQ9QGJHH.mp4
37,510,"JOIN IN THE PREMIUM SIDE OF THE TELEGRAM : ğŸ‘‰ğŸ» CAR HUB

Put your reaction if you are Cars Edit lover â¤ï¸
 
#CarEdit #CarsEdit@Carss_Edit #AestheticEdits@Carss_Edit #SmoothTransitions@Carss_Edit #4KEdits@Carss_Edit",ssstik.io_1754806167306.mp4
38,509,"JOIN IN THE PREMIUM SIDE OF THE TELEGRAM : ğŸ‘‰ğŸ» CAR HUB

Put your reaction if you are Cars Edit lover â¤ï¸
 
#CarEdit #CarsEdit@Carss_Edit #AestheticEdits@Carss_Edit #SmoothTransitions@Carss_Edit #4KEdits@Carss_Edit",ssstik.io_1754805924535.mp4
39,508,"JOIN IN THE PREMIUM SIDE OF THE TELEGRAM : ğŸ‘‰ğŸ» CAR HUB

Put your reaction if you are Cars Edit lover â¤ï¸
 
#CarEdit #CarsEdit@Carss_Edit #AestheticEdits@Carss_Edit #SmoothTransitions@Carss_Edit #4KEdits@Carss_Edit",ssstik.io_1754806403354.mp4
40,507,"JOIN IN THE PREMIUM SIDE OF THE TELEGRAM : ğŸ‘‰ğŸ» CAR HUB

Put your reaction if you are Cars Edit lover â¤ï¸
 
#CarEdit #CarsEdit@Carss_Edit #AestheticEdits@Carss_Edit #SmoothTransitions@Carss_Edit #4KEdits@Carss_Edit",ssstik.io_1754806318143.mp4
41,506,"JOIN IN THE PREMIUM SIDE OF THE TELEGRAM : ğŸ‘‰ğŸ» CAR HUB

Put your reaction if you are Cars Edit lover â¤ï¸
 
#CarEdit #CarsEdit@Carss_Edit #AestheticEdits@Carss_Edit #SmoothTransitions@Carss_Edit #4KEdits@Carss_Edit",ssstik.io_1754806271291.mp4
42,505,"JOIN IN THE PREMIUM SIDE OF THE TELEGRAM : ğŸ‘‰ğŸ» CAR HUB

Put your reaction if you are Cars Edit lover â¤ï¸
 
#CarEdit #CarsEdit@Carss_Edit #AestheticEdits@Carss_Edit #SmoothTransitions@Carss_Edit #4KEdits@Carss_Edit",ssstik.io_1754806201397.mp4
43,503,"JOIN IN THE PREMIUM SIDE OF THE TELEGRAM : ğŸ‘‰ğŸ» CAR HUB

Put your reaction if you are Cars Edit lover â¤ï¸
 
#CarEdit #CarsEdit@Carss_Edit #AestheticEdits@Carss_Edit #SmoothTransitions@Carss_Edit #4KEdits@Carss_Edit",reelsvideo.io_1750520655380.mp4
44,502,"JOIN IN THE PREMIUM SIDE OF THE TELEGRAM : ğŸ‘‰ğŸ» CAR HUB

Put your reaction if you are Cars Edit lover â¤ï¸
 
#CarEdit #CarsEdit@Carss_Edit #AestheticEdits@Carss_Edit #SmoothTransitions@Carss_Edit #4KEdits@Carss_Edit",reelsvideo.io_1749487151523.mp4
45,500,"JOIN IN THE PREMIUM SIDE OF THE TELEGRAM : ğŸ‘‰ğŸ» CAR HUB

Put your reaction if you are Cars Edit lover â¤ï¸
 
#CarEdit #CarsEdit@Carss_Edit #AestheticEdits@Carss_Edit #SmoothTransitions@Carss_Edit #4KEdits@Carss_Edit",Leaving scene in style ğŸ˜#miami #ferrari #sf90.mp4
46,499,"JOIN IN THE PREMIUM SIDE OF THE TELEGRAM : ğŸ‘‰ğŸ» CAR HUB

Put your reaction if you are Cars Edit lover â¤ï¸
 
#CarEdit #CarsEdit@Carss_Edit #AestheticEdits@Carss_Edit #SmoothTransitions@Carss_Edit #4KEdits@Carss_Edit",AI or Real ğŸ§#ferrari #f50 #miami.mp4
47,498,"JOIN IN THE PREMIUM SIDE OF THE TELEGRAM : ğŸ‘‰ğŸ» CAR HUB

Put your reaction if you are Cars Edit lover â¤ï¸
 
#CarEdit #CarsEdit@Carss_Edit #AestheticEdits@Carss_Edit #SmoothTransitions@Carss_Edit #4KEdits@Carss_Edit",video_498
48,497,"JOIN IN THE PREMIUM SIDE OF THE TELEGRAM : ğŸ‘‰ğŸ» CAR HUB

Put your reaction if you are Cars Edit lover â¤ï¸
 
#CarEdit #CarsEdit@Carss_Edit #AestheticEdits@Carss_Edit #SmoothTransitions@Carss_Edit #4KEdits@Carss_Edit",video_497
49,496,"JOIN IN THE PREMIUM SIDE OF THE TELEGRAM : ğŸ‘‰ğŸ» CAR HUB

Put your reaction if you are Cars Edit lover â¤ï¸
 
#CarEdit #CarsEdit@Carss_Edit #AestheticEdits@Carss_Edit #SmoothTransitions@Carss_Edit #4KEdits@Carss_Edit",video_496
50,495,"JOIN IN THE PREMIUM SIDE OF THE TELEGRAM : ğŸ‘‰ğŸ» CAR HUB

Put your reaction if you are Cars Edit lover â¤ï¸
 
#CarEdit #CarsEdit@Carss_Edit #AestheticEdits@Carss_Edit #SmoothTransitions@Carss_Edit #4KEdits@Carss_Edit",video_495
51,494,"JOIN IN THE PREMIUM SIDE OF THE TELEGRAM : ğŸ‘‰ğŸ» CAR HUB

Put your reaction if you are Cars Edit lover â¤ï¸
 
#CarEdit #CarsEdit@Carss_Edit #AestheticEdits@Carss_Edit #SmoothTransitions@Carss_Edit #4KEdits@Carss_Edit",video_494
52,484,"JOIN IN THE PREMIUM SIDE OF THE TELEGRAM : ğŸ‘‰ğŸ» CAR HUB

Put your reaction if you are Cars Edit lover â¤ï¸
 
#CarEdit #CarsEdit@Carss_Edit #AestheticEdits@Carss_Edit #SmoothTransitions@Carss_Edit #4KEdits@Carss_Edit",video_484
53,483,"JOIN IN THE PREMIUM SIDE OF THE TELEGRAM : ğŸ‘‰ğŸ» CAR HUB

Put your reaction if you are Cars Edit lover â¤ï¸
 
#CarEdit #CarsEdit@Carss_Edit #AestheticEdits@Carss_Edit #SmoothTransitions@Carss_Edit #4KEdits@Carss_Edit",video_483
54,480,"JOIN IN THE PREMIUM SIDE OF THE TELEGRAM : ğŸ‘‰ğŸ» CAR HUB

Put your reaction if you are Cars Edit lover â¤ï¸
 
#CarEdit #CarsEdit@Carss_Edit #AestheticEdits@Carss_Edit #SmoothTransitions@Carss_Edit #4KEdits@Carss_Edit",video_480
55,479,"JOIN IN THE PREMIUM SIDE OF THE TELEGRAM : ğŸ‘‰ğŸ» CAR HUB

Put your reaction if you are Cars Edit lover â¤ï¸
 
#CarEdit #CarsEdit@Carss_Edit #AestheticEdits@Carss_Edit #SmoothTransitions@Carss_Edit #4KEdits@Carss_Edit",video_479
56,478,"JOIN IN THE PREMIUM SIDE OF THE TELEGRAM : ğŸ‘‰ğŸ» CAR HUB

Put your reaction if you are Cars Edit lover â¤ï¸
 
#CarEdit #CarsEdit@Carss_Edit #AestheticEdits@Carss_Edit #SmoothTransitions@Carss_Edit #4KEdits@Carss_Edit",video_478
57,476,"JOIN IN THE PREMIUM SIDE OF THE TELEGRAM : ğŸ‘‰ğŸ» CAR HUB

Put your reaction if you are Cars Edit lover â¤ï¸
 
#CarEdit #CarsEdit@Carss_Edit #AestheticEdits@Carss_Edit #SmoothTransitions@Carss_Edit #4KEdits@Carss_Edit",video_476
58,475,"JOIN IN THE PREMIUM SIDE OF THE TELEGRAM : ğŸ‘‰ğŸ» CAR HUB

Put your reaction if you are Cars Edit lover â¤ï¸
 
#CarEdit #CarsEdit@Carss_Edit #AestheticEdits@Carss_Edit #SmoothTransitions@Carss_Edit #4KEdits@Carss_Edit",video_475
59,474,"JOIN IN THE PREMIUM SIDE OF THE TELEGRAM : ğŸ‘‰ğŸ» CAR HUB

Put your reaction if you are Cars Edit lover â¤ï¸
 
#CarEdit #CarsEdit@Carss_Edit #AestheticEdits@Carss_Edit #SmoothTransitions@Carss_Edit #4KEdits@Carss_Edit",video_474
60,473,"JOIN IN THE PREMIUM SIDE OF THE TELEGRAM : ğŸ‘‰ğŸ» CAR HUB

Put your reaction if you are Cars Edit lover â¤ï¸
 
#CarEdit #CarsEdit@Carss_Edit #AestheticEdits@Carss_Edit #SmoothTransitions@Carss_Edit #4KEdits@Carss_Edit",video_473
61,472,"JOIN IN THE PREMIUM SIDE OF THE TELEGRAM : ğŸ‘‰ğŸ» CAR HUB

Put your reaction if you are Cars Edit lover â¤ï¸
 
#CarEdit #CarsEdit@Carss_Edit #AestheticEdits@Carss_Edit #SmoothTransitions@Carss_Edit #4KEdits@Carss_Edit",video_472
62,471,"JOIN IN THE PREMIUM SIDE OF THE TELEGRAM : ğŸ‘‰ğŸ» CAR HUB

Put your reaction if you are Cars Edit lover â¤ï¸
 
#CarEdit #CarsEdit@Carss_Edit #AestheticEdits@Carss_Edit #SmoothTransitions@Carss_Edit #4KEdits@Carss_Edit",video_471
63,470,"JOIN IN THE PREMIUM SIDE OF THE TELEGRAM : ğŸ‘‰ğŸ» CAR HUB

Put your reaction if you are Cars Edit lover â¤ï¸
 
#CarEdit #CarsEdit@Carss_Edit #AestheticEdits@Carss_Edit #SmoothTransitions@Carss_Edit #4KEdits@Carss_Edit",video_470
64,469,"JOIN IN THE PREMIUM SIDE OF THE TELEGRAM : ğŸ‘‰ğŸ» CAR HUB

Put your reaction if you are Cars Edit lover â¤ï¸
 
#CarEdit #CarsEdit@Carss_Edit #AestheticEdits@Carss_Edit #SmoothTransitions@Carss_Edit #4KEdits@Carss_Edit",video_469
65,468,"JOIN IN THE PREMIUM SIDE OF THE TELEGRAM : ğŸ‘‰ğŸ» CAR HUB

Put your reaction if you are Cars Edit lover â¤ï¸
 
#CarEdit #CarsEdit@Carss_Edit #AestheticEdits@Carss_Edit #SmoothTransitions@Carss_Edit #4KEdits@Carss_Edit",video_468
66,467,"JOIN IN THE PREMIUM SIDE OF THE TELEGRAM : ğŸ‘‰ğŸ» CAR HUB

Put your reaction if you are Cars Edit lover â¤ï¸
 
#CarEdit #CarsEdit@Carss_Edit #AestheticEdits@Carss_Edit #SmoothTransitions@Carss_Edit #4KEdits@Carss_Edit",video_467
67,466,"JOIN IN THE PREMIUM SIDE OF THE TELEGRAM : ğŸ‘‰ğŸ» CAR HUB

Put your reaction if you are Cars Edit lover â¤ï¸
 
#CarEdit #CarsEdit@Carss_Edit #AestheticEdits@Carss_Edit #SmoothTransitions@Carss_Edit #4KEdits@Carss_Edit",video_466
68,465,"JOIN IN THE PREMIUM SIDE OF THE TELEGRAM : ğŸ‘‰ğŸ» CAR HUB

Put your reaction if you are Cars Edit lover â¤ï¸
 
#CarEdit #CarsEdit@Carss_Edit #AestheticEdits@Carss_Edit #SmoothTransitions@Carss_Edit #4KEdits@Carss_Edit",video_465
69,464,"JOIN IN THE PREMIUM SIDE OF THE TELEGRAM : ğŸ‘‰ğŸ» CAR HUB

Put your reaction if you are Cars Edit lover â¤ï¸
 
#CarEdit #CarsEdit@Carss_Edit #AestheticEdits@Carss_Edit #SmoothTransitions@Carss_Edit #4KEdits@Carss_Edit",video_464
70,463,"JOIN IN THE PREMIUM SIDE OF THE TELEGRAM : ğŸ‘‰ğŸ» CAR HUB

Put your reaction if you are Cars Edit lover â¤ï¸
 
#CarEdit #CarsEdit@Carss_Edit #AestheticEdits@Carss_Edit #SmoothTransitions@Carss_Edit #4KEdits@Carss_Edit",video_463
71,462,"JOIN IN THE PREMIUM SIDE OF THE TELEGRAM : ğŸ‘‰ğŸ» CAR HUB

Put your reaction if you are Cars Edit lover â¤ï¸
 
#CarEdit #CarsEdit@Carss_Edit #AestheticEdits@Carss_Edit #SmoothTransitions@Carss_Edit #4KEdits@Carss_Edit",video_462
72,461,"JOIN IN THE PREMIUM SIDE OF THE TELEGRAM : ğŸ‘‰ğŸ» CAR HUB

Put your reaction if you are Cars Edit lover â¤ï¸
 
#CarEdit #CarsEdit@Carss_Edit #AestheticEdits@Carss_Edit #SmoothTransitions@Carss_Edit #4KEdits@Carss_Edit",video_461
73,460,"JOIN IN THE PREMIUM SIDE OF THE TELEGRAM : ğŸ‘‰ğŸ» CAR HUB

Put your reaction if you are Cars Edit lover â¤ï¸
 
#CarEdit #CarsEdit@Carss_Edit #AestheticEdits@Carss_Edit #SmoothTransitions@Carss_Edit #4KEdits@Carss_Edit",video_460
74,459,"JOIN IN THE PREMIUM SIDE OF THE TELEGRAM : ğŸ‘‰ğŸ» CAR HUB

Put your reaction if you are Cars Edit lover â¤ï¸
 
#CarEdit #CarsEdit@Carss_Edit #AestheticEdits@Carss_Edit #SmoothTransitions@Carss_Edit #4KEdits@Carss_Edit",video_459
75,458,"JOIN IN THE PREMIUM SIDE OF THE TELEGRAM : ğŸ‘‰ğŸ» CAR HUB

Put your reaction if you are Cars Edit lover â¤ï¸
 
#CarEdit #CarsEdit@Carss_Edit #AestheticEdits@Carss_Edit #SmoothTransitions@Carss_Edit #4KEdits@Carss_Edit",video_458
76,457,"JOIN IN THE PREMIUM SIDE OF THE TELEGRAM : ğŸ‘‰ğŸ» CAR HUB

Put your reaction if you are Cars Edit lover â¤ï¸
 
#CarEdit #CarsEdit@Carss_Edit #AestheticEdits@Carss_Edit #SmoothTransitions@Carss_Edit #4KEdits@Carss_Edit",video_457
77,456,"JOIN IN THE PREMIUM SIDE OF THE TELEGRAM : ğŸ‘‰ğŸ» CAR HUB

Put your reaction if you are Cars Edit lover â¤ï¸
 
#CarEdit #CarsEdit@Carss_Edit #AestheticEdits@Carss_Edit #SmoothTransitions@Carss_Edit #4KEdits@Carss_Edit",video_456
78,455,"JOIN IN THE PREMIUM SIDE OF THE TELEGRAM : ğŸ‘‰ğŸ» CAR HUB

Put your reaction if you are Cars Edit lover â¤ï¸
 
#CarEdit #CarsEdit@Carss_Edit #AestheticEdits@Carss_Edit #SmoothTransitions@Carss_Edit #4KEdits@Carss_Edit",video_455
79,454,"JOIN IN THE PREMIUM SIDE OF THE TELEGRAM : ğŸ‘‰ğŸ» CAR HUB

Put your reaction if you are Cars Edit lover â¤ï¸
 
#CarEdit #CarsEdit@Carss_Edit #AestheticEdits@Carss_Edit #SmoothTransitions@Carss_Edit #4KEdits@Carss_Edit",video_454
80,453,"JOIN IN THE PREMIUM SIDE OF THE TELEGRAM : ğŸ‘‰ğŸ» CAR HUB

Put your reaction if you are Cars Edit lover â¤ï¸
 
#CarEdit #CarsEdit@Carss_Edit #AestheticEdits@Carss_Edit #SmoothTransitions@Carss_Edit #4KEdits@Carss_Edit",video_453
81,452,"JOIN IN THE PREMIUM SIDE OF THE TELEGRAM : ğŸ‘‰ğŸ» CAR HUB

Put your reaction if you are Cars Edit lover â¤ï¸
 
#CarEdit #CarsEdit@Carss_Edit #AestheticEdits@Carss_Edit #SmoothTransitions@Carss_Edit #4KEdits@Carss_Edit",video_452
82,451,"JOIN IN THE PREMIUM SIDE OF THE TELEGRAM : ğŸ‘‰ğŸ» CAR HUB

Put your reaction if you are Cars Edit lover â¤ï¸
 
#CarEdit #CarsEdit@Carss_Edit #AestheticEdits@Carss_Edit #SmoothTransitions@Carss_Edit #4KEdits@Carss_Edit",video_451
83,450,"JOIN IN THE PREMIUM SIDE OF THE TELEGRAM : ğŸ‘‰ğŸ» CAR HUB

Put your reaction if you are Cars Edit lover â¤ï¸
 
#CarEdit #CarsEdit@Carss_Edit #AestheticEdits@Carss_Edit #SmoothTransitions@Carss_Edit #4KEdits@Carss_Edit",video_450
84,449,"JOIN IN THE PREMIUM SIDE OF THE TELEGRAM : ğŸ‘‰ğŸ» CAR HUB

Put your reaction if you are Cars Edit lover â¤ï¸
 
#CarEdit #CarsEdit@Carss_Edit #AestheticEdits@Carss_Edit #SmoothTransitions@Carss_Edit #4KEdits@Carss_Edit",video_449
85,448,"JOIN IN THE PREMIUM SIDE OF THE TELEGRAM : ğŸ‘‰ğŸ» CAR HUB

Put your reaction if you are Cars Edit lover â¤ï¸
 
#CarEdit #CarsEdit@Carss_Edit #AestheticEdits@Carss_Edit #SmoothTransitions@Carss_Edit #4KEdits@Carss_Edit",video_448
86,447,"JOIN IN THE PREMIUM SIDE OF THE TELEGRAM : ğŸ‘‰ğŸ» CAR HUB

Put your reaction if you are Cars Edit lover â¤ï¸
 
#CarEdit #CarsEdit@Carss_Edit #AestheticEdits@Carss_Edit #SmoothTransitions@Carss_Edit #4KEdits@Carss_Edit",video_447
87,446,"JOIN IN THE PREMIUM SIDE OF THE TELEGRAM : ğŸ‘‰ğŸ» CAR HUB

Put your reaction if you are Cars Edit lover â¤ï¸
 
#CarEdit #CarsEdit@Carss_Edit #AestheticEdits@Carss_Edit #SmoothTransitions@Carss_Edit #4KEdits@Carss_Edit",video_446
88,445,"JOIN IN THE PREMIUM SIDE OF THE TELEGRAM : ğŸ‘‰ğŸ» CAR HUB

Put your reaction if you are Cars Edit lover â¤ï¸
 
#CarEdit #CarsEdit@Carss_Edit #AestheticEdits@Carss_Edit #SmoothTransitions@Carss_Edit #4KEdits@Carss_Edit",video_445
89,444,"JOIN IN THE PREMIUM SIDE OF THE TELEGRAM : ğŸ‘‰ğŸ» CAR HUB

Put your reaction if you are Cars Edit lover â¤ï¸
 
#CarEdit #CarsEdit@Carss_Edit #AestheticEdits@Carss_Edit #SmoothTransitions@Carss_Edit #4KEdits@Carss_Edit",video_444
90,443,"JOIN IN THE PREMIUM SIDE OF THE TELEGRAM : ğŸ‘‰ğŸ» CAR HUB

Put your reaction if you are Cars Edit lover â¤ï¸
 
#CarEdit #CarsEdit@Carss_Edit #AestheticEdits@Carss_Edit #SmoothTransitions@Carss_Edit #4KEdits@Carss_Edit",video_443
91,442,"JOIN IN THE PREMIUM SIDE OF THE TELEGRAM : ğŸ‘‰ğŸ» CAR HUB

Put your reaction if you are Cars Edit lover â¤ï¸
 
#CarEdit #CarsEdit@Carss_Edit #AestheticEdits@Carss_Edit #SmoothTransitions@Carss_Edit #4KEdits@Carss_Edit",video_442
92,441,"JOIN IN THE PREMIUM SIDE OF THE TELEGRAM : ğŸ‘‰ğŸ» CAR HUB

Put your reaction if you are Cars Edit lover â¤ï¸
 
#CarEdit #CarsEdit@Carss_Edit #AestheticEdits@Carss_Edit #SmoothTransitions@Carss_Edit #4KEdits@Carss_Edit",video_441
93,440,"JOIN IN THE PREMIUM SIDE OF THE TELEGRAM : ğŸ‘‰ğŸ» CAR HUB

Put your reaction if you are Cars Edit lover â¤ï¸
 
#CarEdit #CarsEdit@Carss_Edit #AestheticEdits@Carss_Edit #SmoothTransitions@Carss_Edit #4KEdits@Carss_Edit",video_440
94,439,"JOIN IN THE PREMIUM SIDE OF THE TELEGRAM : ğŸ‘‰ğŸ» CAR HUB

Put your reaction if you are Cars Edit lover â¤ï¸
 
#CarEdit #CarsEdit@Carss_Edit #AestheticEdits@Carss_Edit #SmoothTransitions@Carss_Edit #4KEdits@Carss_Edit",video_439
95,438,"JOIN IN THE PREMIUM SIDE OF THE TELEGRAM : ğŸ‘‰ğŸ» CAR HUB

Put your reaction if you are Cars Edit lover â¤ï¸
 
#CarEdit #CarsEdit@Carss_Edit #AestheticEdits@Carss_Edit #SmoothTransitions@Carss_Edit #4KEdits@Carss_Edit",video_438
96,437,"JOIN IN THE PREMIUM SIDE OF THE TELEGRAM : ğŸ‘‰ğŸ» CAR HUB

Put your reaction if you are Cars Edit lover â¤ï¸
 
#CarEdit #CarsEdit@Carss_Edit #AestheticEdits@Carss_Edit #SmoothTransitions@Carss_Edit #4KEdits@Carss_Edit",video_437
97,436,"JOIN IN THE PREMIUM SIDE OF THE TELEGRAM : ğŸ‘‰ğŸ» CAR HUB

Put your reaction if you are Cars Edit lover â¤ï¸
 
#CarEdit #CarsEdit@Carss_Edit #AestheticEdits@Carss_Edit #SmoothTransitions@Carss_Edit #4KEdits@Carss_Edit",video_436
98,435,"JOIN IN THE PREMIUM SIDE OF THE TELEGRAM : ğŸ‘‰ğŸ» CAR HUB

Put your reaction if you are Cars Edit lover â¤ï¸
 
#CarEdit #CarsEdit@Carss_Edit #AestheticEdits@Carss_Edit #SmoothTransitions@Carss_Edit #4KEdits@Carss_Edit",video_435
99,434,"JOIN IN THE PREMIUM SIDE OF THE TELEGRAM : ğŸ‘‰ğŸ» CAR HUB

Put your reaction if you are Cars Edit lover â¤ï¸
 
#CarEdit #CarsEdit@Carss_Edit #AestheticEdits@Carss_Edit #SmoothTransitions@Carss_Edit #4KEdits@Carss_Edit",video_434
100,433,"JOIN IN THE PREMIUM SIDE OF THE TELEGRAM : ğŸ‘‰ğŸ» CAR HUB

Put your reaction if you are Cars Edit lover â¤ï¸
 
#CarEdit #CarsEdit@Carss_Edit #AestheticEdits@Carss_Edit #SmoothTransitions@Carss_Edit #4KEdits@Carss_Edit",video_433
101,432,"JOIN IN THE PREMIUM SIDE OF THE TELEGRAM : ğŸ‘‰ğŸ» CAR HUB

Put your reaction if you are Cars Edit lover â¤ï¸
 
#CarEdit #CarsEdit@Carss_Edit #AestheticEdits@Carss_Edit #SmoothTransitions@Carss_Edit #4KEdits@Carss_Edit",video_432
102,431,"JOIN IN THE PREMIUM SIDE OF THE TELEGRAM : ğŸ‘‰ğŸ» CAR HUB

Put your reaction if you are Cars Edit lover â¤ï¸
 
#CarEdit #CarsEdit@Carss_Edit #AestheticEdits@Carss_Edit #SmoothTransitions@Carss_Edit #4KEdits@Carss_Edit",video_431
103,430,"JOIN IN THE PREMIUM SIDE OF THE TELEGRAM : ğŸ‘‰ğŸ» CAR HUB

Put your reaction if you are Cars Edit lover â¤ï¸
 
#CarEdit #CarsEdit@Carss_Edit #AestheticEdits@Carss_Edit #SmoothTransitions@Carss_Edit #4KEdits@Carss_Edit",video_430
104,429,"JOIN IN THE PREMIUM SIDE OF THE TELEGRAM : ğŸ‘‰ğŸ» CAR HUB

Put your reaction if you are Cars Edit lover â¤ï¸
 
#CarEdit #CarsEdit@Carss_Edit #AestheticEdits@Carss_Edit #SmoothTransitions@Carss_Edit #4KEdits@Carss_Edit",video_429
105,428,"JOIN IN THE PREMIUM SIDE OF THE TELEGRAM : ğŸ‘‰ğŸ» CAR HUB

Put your reaction if you are Cars Edit lover â¤ï¸
 
#CarEdit #CarsEdit@Carss_Edit #AestheticEdits@Carss_Edit #SmoothTransitions@Carss_Edit #4KEdits@Carss_Edit",video_428
106,427,"JOIN IN THE PREMIUM SIDE OF THE TELEGRAM : ğŸ‘‰ğŸ» CAR HUB

Put your reaction if you are Cars Edit lover â¤ï¸
 
#CarEdit #CarsEdit@Carss_Edit #AestheticEdits@Carss_Edit #SmoothTransitions@Carss_Edit #4KEdits@Carss_Edit",video_427
107,426,"JOIN IN THE PREMIUM SIDE OF THE TELEGRAM : ğŸ‘‰ğŸ» CAR HUB

Put your reaction if you are Cars Edit lover â¤ï¸
 
#CarEdit #CarsEdit@Carss_Edit #AestheticEdits@Carss_Edit #SmoothTransitions@Carss_Edit #4KEdits@Carss_Edit",video_426
108,425,"JOIN IN THE PREMIUM SIDE OF THE TELEGRAM : ğŸ‘‰ğŸ» CAR HUB

Put your reaction if you are Cars Edit lover â¤ï¸
 
#CarEdit #CarsEdit@Carss_Edit #AestheticEdits@Carss_Edit #SmoothTransitions@Carss_Edit #4KEdits@Carss_Edit",video_425
109,424,"JOIN IN THE PREMIUM SIDE OF THE TELEGRAM : ğŸ‘‰ğŸ» CAR HUB

Put your reaction if you are Cars Edit lover â¤ï¸
 
#CarEdit #CarsEdit@Carss_Edit #AestheticEdits@Carss_Edit #SmoothTransitions@Carss_Edit #4KEdits@Carss_Edit",video_424
110,423,"JOIN IN THE PREMIUM SIDE OF THE TELEGRAM : ğŸ‘‰ğŸ» CAR HUB

Put your reaction if you are Cars Edit lover â¤ï¸
 
#CarEdit #CarsEdit@Carss_Edit #AestheticEdits@Carss_Edit #SmoothTransitions@Carss_Edit #4KEdits@Carss_Edit",video_423
111,422,"JOIN IN THE PREMIUM SIDE OF THE TELEGRAM : ğŸ‘‰ğŸ» CAR HUB

Put your reaction if you are Cars Edit lover â¤ï¸
 
#CarEdit #CarsEdit@Carss_Edit #AestheticEdits@Carss_Edit #SmoothTransitions@Carss_Edit #4KEdits@Carss_Edit",video_422
112,421,"JOIN IN THE PREMIUM SIDE OF THE TELEGRAM : ğŸ‘‰ğŸ» CAR HUB

Put your reaction if you are Cars Edit lover â¤ï¸
 
#CarEdit #CarsEdit@Carss_Edit #AestheticEdits@Carss_Edit #SmoothTransitions@Carss_Edit #4KEdits@Carss_Edit",video_421
113,420,"JOIN IN THE PREMIUM SIDE OF THE TELEGRAM : ğŸ‘‰ğŸ» CAR HUB

Put your reaction if you are Cars Edit lover â¤ï¸
 
#CarEdit #CarsEdit@Carss_Edit #AestheticEdits@Carss_Edit #SmoothTransitions@Carss_Edit #4KEdits@Carss_Edit",video_420
114,419,"JOIN IN THE PREMIUM SIDE OF THE TELEGRAM : ğŸ‘‰ğŸ» CAR HUB

Put your reaction if you are Cars Edit lover â¤ï¸
 
#CarEdit #CarsEdit@Carss_Edit #AestheticEdits@Carss_Edit #SmoothTransitions@Carss_Edit #4KEdits@Carss_Edit",video_419
115,417,"JOIN IN THE PREMIUM SIDE OF THE TELEGRAM : ğŸ‘‰ğŸ» CAR HUB

Put your reaction if you are Cars Edit lover â¤ï¸
 
#CarEdit #CarsEdit@Carss_Edit #AestheticEdits@Carss_Edit #SmoothTransitions@Carss_Edit #4KEdits@Carss_Edit",video_417
116,416,"JOIN IN THE PREMIUM SIDE OF THE TELEGRAM : ğŸ‘‰ğŸ» CAR HUB

Put your reaction if you are Cars Edit lover â¤ï¸
 
#CarEdit #CarsEdit@Carss_Edit #AestheticEdits@Carss_Edit #SmoothTransitions@Carss_Edit #4KEdits@Carss_Edit",video_416
117,415,"JOIN IN THE PREMIUM SIDE OF THE TELEGRAM : ğŸ‘‰ğŸ» CAR HUB

Put your reaction if you are Cars Edit lover â¤ï¸
 
#CarEdit #CarsEdit@Carss_Edit #AestheticEdits@Carss_Edit #SmoothTransitions@Carss_Edit #4KEdits@Carss_Edit",video_415
118,414,"JOIN IN THE PREMIUM SIDE OF THE TELEGRAM : ğŸ‘‰ğŸ» CAR HUB

Put your reaction if you are Cars Edit lover â¤ï¸
 
#CarEdit #CarsEdit@Carss_Edit #AestheticEdits@Carss_Edit #SmoothTransitions@Carss_Edit #4KEdits@Carss_Edit",video_414
119,413,"JOIN IN THE PREMIUM SIDE OF THE TELEGRAM : ğŸ‘‰ğŸ» CAR HUB

Put your reaction if you are Cars Edit lover â¤ï¸
 
#CarEdit #CarsEdit@Carss_Edit #AestheticEdits@Carss_Edit #SmoothTransitions@Carss_Edit #4KEdits@Carss_Edit",video_413
120,412,"JOIN IN THE PREMIUM SIDE OF THE TELEGRAM : ğŸ‘‰ğŸ» CAR HUB

Put your reaction if you are Cars Edit lover â¤ï¸
 
#CarEdit #CarsEdit@Carss_Edit #AestheticEdits@Carss_Edit #SmoothTransitions@Carss_Edit #4KEdits@Carss_Edit",video_412
121,411,"JOIN IN THE PREMIUM SIDE OF THE TELEGRAM : ğŸ‘‰ğŸ» CAR HUB

Put your reaction if you are Cars Edit lover â¤ï¸
 
#CarEdit #CarsEdit@Carss_Edit #AestheticEdits@Carss_Edit #SmoothTransitions@Carss_Edit #4KEdits@Carss_Edit",video_411
122,410,"JOIN IN THE PREMIUM SIDE OF THE TELEGRAM : ğŸ‘‰ğŸ» CAR HUB

Put your reaction if you are Cars Edit lover â¤ï¸
 
#CarEdit #CarsEdit@Carss_Edit #AestheticEdits@Carss_Edit #SmoothTransitions@Carss_Edit #4KEdits@Carss_Edit",video_410
123,409,"JOIN IN THE PREMIUM SIDE OF THE TELEGRAM : ğŸ‘‰ğŸ» CAR HUB

Put your reaction if you are Cars Edit lover â¤ï¸
 
#CarEdit #CarsEdit@Carss_Edit #AestheticEdits@Carss_Edit #SmoothTransitions@Carss_Edit #4KEdits@Carss_Edit",video_409
124,376,"JOIN IN THE PREMIUM SIDE OF THE TELEGRAM : ğŸ‘‰ğŸ» CAR HUB

Put your reaction if you are Cars Edit lover â¤ï¸
 
#CarEdit #CarsEdit@Carss_Edit #AestheticEdits@Carss_Edit #SmoothTransitions@Carss_Edit #4KEdits@Carss_Edit",porsche-20250821-0002.jpg
125,375,,porsche-20250821-0001.jpg
126,374,,porsche-20250821-0006.jpg
127,373,,porsche-20250821-0005.jpg
128,372,,porsche-20250821-0004.jpg
129,371,,porsche-20250821-0010.jpg
130,370,,porsche-20250821-0009.jpg
131,369,,porsche-20250821-0007.jpg
132,368,,porsche-20250821-0008.jpg
133,367,"JOIN IN THE PREMIUM SIDE OF THE TELEGRAM : ğŸ‘‰ğŸ» CAR HUB

Put your reaction if you are Cars Edit lover â¤ï¸
 
#CarEdit #CarsEdit@Carss_Edit #AestheticEdits@Carss_Edit #SmoothTransitions@Carss_Edit #4KEdits@Carss_Edit",AQMDRoMDglR_qwMPKfPdu9oFCpNm657doROn0ZNaTrAu9XoNS_8KioHrFXUGtBI.mp4
134,356,"JOIN IN THE PREMIUM SIDE OF THE TELEGRAM : ğŸ‘‰ğŸ» CAR HUB

Put your reaction if you are Cars Edit lover â¤ï¸
 
#CarEdit #CarsEdit@Carss_Edit #AestheticEdits@Carss_Edit #SmoothTransitions@Carss_Edit #4KEdits@Carss_Edit",video_356
135,355,"JOIN IN THE PREMIUM SIDE OF THE TELEGRAM : ğŸ‘‰ğŸ» CAR HUB

Put your reaction if you are Cars Edit lover â¤ï¸
 
#CarEdit #CarsEdit@Carss_Edit #AestheticEdits@Carss_Edit #SmoothTransitions@Carss_Edit #4KEdits@Carss_Edit",video_355
136,354,"JOIN IN THE PREMIUM SIDE OF THE TELEGRAM : ğŸ‘‰ğŸ» CAR HUB

Put your reaction if you are Cars Edit lover â¤ï¸
 
#CarEdit #CarsEdit@Carss_Edit #AestheticEdits@Carss_Edit #SmoothTransitions@Carss_Edit #4KEdits@Carss_Edit",video_354
137,353,"JOIN IN THE PREMIUM SIDE OF THE TELEGRAM : ğŸ‘‰ğŸ» CAR HUB

Put your reaction if you are Cars Edit lover â¤ï¸
 
#CarEdit #CarsEdit@Carss_Edit #AestheticEdits@Carss_Edit #SmoothTransitions@Carss_Edit #4KEdits@Carss_Edit",video_353
138,352,"JOIN IN THE PREMIUM SIDE OF THE TELEGRAM : ğŸ‘‰ğŸ» CAR HUB

Put your reaction if you are Cars Edit lover â¤ï¸
 
#CarEdit #CarsEdit@Carss_Edit #AestheticEdits@Carss_Edit #SmoothTransitions@Carss_Edit #4KEdits@Carss_Edit",video_352
139,351,"JOIN IN THE PREMIUM SIDE OF THE TELEGRAM : ğŸ‘‰ğŸ» CAR HUB

Put your reaction if you are Cars Edit lover â¤ï¸
 
#CarEdit #CarsEdit@Carss_Edit #AestheticEdits@Carss_Edit #SmoothTransitions@Carss_Edit #4KEdits@Carss_Edit",video_351
140,350,"JOIN IN THE PREMIUM SIDE OF THE TELEGRAM : ğŸ‘‰ğŸ» CAR HUB

Put your reaction if you are Cars Edit lover â¤ï¸
 
#CarEdit #CarsEdit@Carss_Edit #AestheticEdits@Carss_Edit #SmoothTransitions@Carss_Edit #4KEdits@Carss_Edit",video_350
141,349,"JOIN IN THE PREMIUM SIDE OF THE TELEGRAM : ğŸ‘‰ğŸ» CAR HUB

Put your reaction if you are Cars Edit lover â¤ï¸
 
#CarEdit #CarsEdit@Carss_Edit #AestheticEdits@Carss_Edit #SmoothTransitions@Carss_Edit #4KEdits@Carss_Edit",video_349
142,348,"JOIN IN THE PREMIUM SIDE OF THE TELEGRAM : ğŸ‘‰ğŸ» CAR HUB

Put your reaction if you are Cars Edit lover â¤ï¸
 
#CarEdit #CarsEdit@Carss_Edit #AestheticEdits@Carss_Edit #SmoothTransitions@Carss_Edit #4KEdits@Carss_Edit",video_348
143,347,"JOIN IN THE PREMIUM SIDE OF THE TELEGRAM : ğŸ‘‰ğŸ» CAR HUB

Put your reaction if you are Cars Edit lover â¤ï¸
 
#CarEdit #CarsEdit@Carss_Edit #AestheticEdits@Carss_Edit #SmoothTransitions@Carss_Edit #4KEdits@Carss_Edit",video_347
144,346,"JOIN IN THE PREMIUM SIDE OF THE TELEGRAM : ğŸ‘‰ğŸ» CAR HUB

Put your reaction if you are Cars Edit lover â¤ï¸
 
#CarEdit #CarsEdit@Carss_Edit #AestheticEdits@Carss_Edit #SmoothTransitions@Carss_Edit #4KEdits@Carss_Edit",video_346
145,345,"JOIN IN THE PREMIUM SIDE OF THE TELEGRAM : ğŸ‘‰ğŸ» CAR HUB

Put your reaction if you are Cars Edit lover â¤ï¸
 
#CarEdit #CarsEdit@Carss_Edit #AestheticEdits@Carss_Edit #SmoothTransitions@Carss_Edit #4KEdits@Carss_Edit",video_345
146,344,"JOIN IN THE PREMIUM SIDE OF THE TELEGRAM : ğŸ‘‰ğŸ» CAR HUB

Put your reaction if you are Cars Edit lover â¤ï¸
 
#CarEdit #CarsEdit@Carss_Edit #AestheticEdits@Carss_Edit #SmoothTransitions@Carss_Edit #4KEdits@Carss_Edit",video_344
147,343,"JOIN IN THE PREMIUM SIDE OF THE TELEGRAM : ğŸ‘‰ğŸ» CAR HUB

Put your reaction if you are Cars Edit lover â¤ï¸
 
#CarEdit #CarsEdit@Carss_Edit #AestheticEdits@Carss_Edit #SmoothTransitions@Carss_Edit #4KEdits@Carss_Edit",video_343
148,342,"JOIN IN THE PREMIUM SIDE OF THE TELEGRAM : ğŸ‘‰ğŸ» CAR HUB

Put your reaction if you are Cars Edit lover â¤ï¸
 
#CarEdit #CarsEdit@Carss_Edit #AestheticEdits@Carss_Edit #SmoothTransitions@Carss_Edit #4KEdits@Carss_Edit",video_342
149,340,"JOIN IN THE PREMIUM SIDE OF THE TELEGRAM : ğŸ‘‰ğŸ» CAR HUB

Put your reaction if you are Cars Edit lover â¤ï¸
 
#CarEdit #CarsEdit@Carss_Edit #AestheticEdits@Carss_Edit #SmoothTransitions@Carss_Edit #4KEdits@Carss_Edit",video_340
150,339,"JOIN IN THE PREMIUM SIDE OF THE TELEGRAM : ğŸ‘‰ğŸ» CAR HUB

Put your reaction if you are Cars Edit lover â¤ï¸
 
#CarEdit #CarsEdit@Carss_Edit #AestheticEdits@Carss_Edit #SmoothTransitions@Carss_Edit #4KEdits@Carss_Edit",video_339
151,338,"JOIN IN THE PREMIUM SIDE OF THE TELEGRAM : ğŸ‘‰ğŸ» CAR HUB

Put your reaction if you are Cars Edit lover â¤ï¸
 
#CarEdit #CarsEdit@Carss_Edit #AestheticEdits@Carss_Edit #SmoothTransitions@Carss_Edit #4KEdits@Carss_Edit",video_338
152,337,"JOIN IN THE PREMIUM SIDE OF THE TELEGRAM : ğŸ‘‰ğŸ» CAR HUB

Put your reaction if you are Cars Edit lover â¤ï¸
 
#CarEdit #CarsEdit@Carss_Edit #AestheticEdits@Carss_Edit #SmoothTransitions@Carss_Edit #4KEdits@Carss_Edit",video_337
153,336,"JOIN IN THE PREMIUM SIDE OF THE TELEGRAM : ğŸ‘‰ğŸ» CAR HUB

Put your reaction if you are Cars Edit lover â¤ï¸
 
#CarEdit #CarsEdit@Carss_Edit #AestheticEdits@Carss_Edit #SmoothTransitions@Carss_Edit #4KEdits@Carss_Edit",video_336
154,335,"JOIN IN THE PREMIUM SIDE OF THE TELEGRAM : ğŸ‘‰ğŸ» CAR HUB

Put your reaction if you are Cars Edit lover â¤ï¸
 
#CarEdit #CarsEdit@Carss_Edit #AestheticEdits@Carss_Edit #SmoothTransitions@Carss_Edit #4KEdits@Carss_Edit",video_335
155,334,"ON DRIFT MOOD



JOIN IN THE PREMIUM SIDE OF THE TELEGRAM : ğŸ‘‰ğŸ» CAR HUB

Put your reaction if you are Cars Edit lover â¤ï¸
 
#CarEdit #CarsEdit@Carss_Edit #AestheticEdits@Carss_Edit #SmoothTransitions@Carss_Edit #4KEdits@Carss_Edit",video_334
156,333,"COME HERE MY JDM LOVERS 




JOIN IN THE PREMIUM SIDE OF THE TELEGRAM : ğŸ‘‰ğŸ» CAR HUB

Put your reaction if you are Cars Edit lover â¤ï¸
 
#CarEdit #CarsEdit@Carss_Edit #AestheticEdits@Carss_Edit #SmoothTransitions@Carss_Edit #4KEdits@Carss_Edit",video_333
157,332,"UFFF TOUGH ONE ğŸ”¥









JOIN IN THE PREMIUM SIDE OF THE TELEGRAM : ğŸ‘‰ğŸ» CAR HUB

Put your reaction if you are Cars Edit lover â¤ï¸
 
#CarEdit #CarsEdit@Carss_Edit #AestheticEdits@Carss_Edit #SmoothTransitions@Carss_Edit #4KEdits@Carss_Edit",video_332
158,331,"I HEAR THE RAWRR OF BMW







JOIN IN THE PREMIUM SIDE OF THE TELEGRAM : ğŸ‘‰ğŸ» CAR HUB

Put your reaction if you are Cars Edit lover â¤ï¸
 
#CarEdit #CarsEdit@Carss_Edit #AestheticEdits@Carss_Edit #SmoothTransitions@Carss_Edit #4KEdits@Carss_Edit",video_331
159,330,"BMW IS ALWAYS IN HIGH









JOIN IN THE PREMIUM SIDE OF THE TELEGRAM : ğŸ‘‰ğŸ» CAR HUB

Put your reaction if you are Cars Edit lover â¤ï¸
 
#BMW #BMW@Carss_Edit #AestheticEdits@Carss_Edit #SmoothTransitions@Carss_Edit #4KEdits@Carss_Edit",video_330
160,329,"Pov : HOW MUSLIM CAR BUDDIES SAY SALAM ? ğŸ˜‚ğŸ˜‚






JOIN IN THE PREMIUM SIDE OF THE TELEGRAM : ğŸ‘‰ğŸ» CAR HUB

Put your reaction if you are Cars Edit lover â¤ï¸
 
#CarEdit #CarsEdit@Carss_Edit #AestheticEdits@Carss_Edit #SmoothTransitions@Carss_Edit #4KEdits@Carss_Edit",video_329
161,328,"Another BOOM ğŸ’¥ 






JOIN IN THE PREMIUM SIDE OF THE TELEGRAM : ğŸ‘‰ğŸ» CAR HUB

Put your reaction if you are Cars Edit lover â¤ï¸
 
#CarEdit #CarsEdit@Carss_Edit #AestheticEdits@Carss_Edit #SmoothTransitions@Carss_Edit #4KEdits@Carss_Edit",video_328
162,327,"CAR OR EDIT ğŸ«£ğŸ«£



JOIN IN THE PREMIUM SIDE OF THE TELEGRAM : ğŸ‘‰ğŸ» CAR HUB

Put your reaction if you are Cars Edit lover â¤ï¸
 
#CarEdit #CarsEdit@Carss_Edit #AestheticEdits@Carss_Edit #SmoothTransitions@Carss_Edit #4KEdits@Carss_Edit",video_327
163,326,"RENAULT AGAIN ğŸ’€ğŸ˜­ğŸ˜‚






JOIN IN THE PREMIUM SIDE OF THE TELEGRAM : ğŸ‘‰ğŸ» CAR HUB

Put your reaction if you are Renault lover â¤ï¸
 
#Renault #Renault@Carss_Edit #AestheticEdits@Carss_Edit #SmoothTransitions@Carss_Edit #4KEdits@Carss_Edit",ssstik.io_1754806486993.mp4
164,325,"MEGANE RENAULT





JOIN IN THE PREMIUM SIDE OF THE TELEGRAM : ğŸ‘‰ğŸ» CAR HUB

Put your reaction if you are Renault lover â¤ï¸
 
#Renault #Renault@Carss_Edit #AestheticEdits@Carss_Edit #SmoothTransitions@Carss_Edit #4KEdits@Carss_Edit",ssstik.io_1754806572244.mp4
165,324,"PINKY RENAULTğŸ€





JOIN IN THE PREMIUM SIDE OF THE TELEGRAM : ğŸ‘‰ğŸ» CAR HUB

Put your reaction if you are Renault lover â¤ï¸
 
#Renault #Renault@Carss_Edit #AestheticEdits@Carss_Edit #SmoothTransitions@Carss_Edit #4KEdits@Carss_Edit",ssstik.io_1754806633584.mp4
166,323,"R.S CAR ğŸ



JOIN IN THE PREMIUM SIDE OF THE TELEGRAM : ğŸ‘‰ğŸ» CAR HUB

Put your reaction if you are Renault lover â¤ï¸
 
#Renault #Renault@Carss_Edit #AestheticEdits@Carss_Edit #SmoothTransitions@Carss_Edit #4KEdits@Carss_Edit",ssstik.io_1754806686690.mp4
167,322,"RENAULT'S F1 VAN? ğŸ’€ğŸ’€



JOIN IN THE PREMIUM SIDE OF THE TELEGRAM : ğŸ‘‰ğŸ» CAR HUB

Put your reaction if you are Renault lover â¤ï¸
 
#Renault #Renault@Carss_Edit #AestheticEdits@Carss_Edit #SmoothTransitions@Carss_Edit #4KEdits@Carss_Edit",ssstik.io_1754806768522.mp4
168,321,"THE RENAULT POWER 4


JOIN IN THE PREMIUM SIDE OF THE TELEGRAM : ğŸ‘‰ğŸ» CAR HUB

Put your reaction if you are Renault lover â¤ï¸
 
#Renault #Renault@Carss_Edit #AestheticEdits@Carss_Edit #SmoothTransitions@Carss_Edit #4KEdits@Carss_Edit",ssstik.io_1754806858007.mp4
169,320,"MERCEDES COMBOğŸ’€





JOIN IN THE PREMIUM SIDE OF THE TELEGRAM : ğŸ‘‰ğŸ» CAR HUB

Put your reaction if you are Mercedes lover â¤ï¸
 
#Mercedes #Mercedes@Carss_Edit #AestheticEdits@Carss_Edit #SmoothTransitions@Carss_Edit #4KEdits@Carss_Edit",video_320
170,319,"JOIN IN THE PREMIUM SIDE OF THE TELEGRAM : ğŸ‘‰ğŸ» CAR HUB

Put your reaction if you are Cars Edit lover â¤ï¸
 
#CarEdit #CarsEdit@Carss_Edit #AestheticEdits@Carss_Edit #SmoothTransitions@Carss_Edit #4KEdits@Carss_Edit",video_319
171,318,"AGAIN A GT3 RS ğŸ˜­ğŸ˜‚





JOIN IN THE PREMIUM SIDE OF THE TELEGRAM : ğŸ‘‰ğŸ» CAR HUB

Put your reaction if you are Porsche lover â¤ï¸
 
#Porsche #Porsche@Carss_Edit #AestheticEdits@Carss_Edit #SmoothTransitions@Carss_Edit #4KEdits@Carss_Edit",video_318
172,317,"JOIN IN THE PREMIUM SIDE OF THE TELEGRAM : ğŸ‘‰ğŸ» CAR HUB

Put your reaction if you are Cars Edit lover â¤ï¸
 
#CarEdit #CarsEdit@Carss_Edit #AestheticEdits@Carss_Edit #SmoothTransitions@Carss_Edit #4KEdits@Carss_Edit",video_317
173,316,"JOIN IN THE PREMIUM SIDE OF THE TELEGRAM : ğŸ‘‰ğŸ» CAR HUB

Put your reaction if you are Cars Edit lover â¤ï¸
 
#CarEdit #CarsEdit@Carss_Edit #AestheticEdits@Carss_Edit #SmoothTransitions@Carss_Edit #4KEdits@Carss_Edit",video_316
174,315,"M4 GT4




JOIN IN THE PREMIUM SIDE OF THE TELEGRAM : ğŸ‘‰ğŸ» CAR HUB

Put your reaction if you are BMW lover â¤ï¸
 
#BMW #BMW@Carss_Edit #AestheticEdits@Carss_Edit #SmoothTransitions@Carss_Edit #4KEdits@Carss_Edit",video_315
175,314,"JOIN IN THE PREMIUM SIDE OF THE TELEGRAM : ğŸ‘‰ğŸ» CAR HUB

Put your reaction if you are Cars Edit lover â¤ï¸
 
#CarEdit #CarsEdit@Carss_Edit #AestheticEdits@Carss_Edit #SmoothTransitions@Carss_Edit #4KEdits@Carss_Edit",video_314
176,313,"Koenigsegg JeskoğŸ¤¯








JOIN IN THE PREMIUM SIDE OF THE TELEGRAM : ğŸ‘‰ğŸ» CAR HUB

Put your reaction if you are Koenigsegg lover â¤ï¸
 
#Koenigsegg #Koenigsegg@Carss_Edit #AestheticEdits@Carss_Edit #SmoothTransitions@Carss_Edit #4KEdits@Carss_Edit",video_313
177,312,"TRAPPED?






JOIN IN THE PREMIUM SIDE OF THE TELEGRAM : ğŸ‘‰ğŸ» CAR HUB

Put your reaction if you are BMW lover â¤ï¸
 
#BMW #BMW@Carss_Edit #AestheticEdits@Carss_Edit #SmoothTransitions@Carss_Edit #4KEdits@Carss_Edit",video_312
178,311,"IS THIS THE CLASSIC G-WAGON?ğŸ™‚â€â†”ï¸








JOIN IN THE PREMIUM SIDE OF THE TELEGRAM : ğŸ‘‰ğŸ» CAR HUB

Put your reaction if you are Mercedes lover â¤ï¸
 
#Mercedes #Mercedes@Carss_Edit #AestheticEdits@Carss_Edit #SmoothTransitions@Carss_Edit #4KEdits@Carss_Edit",video_311
179,310,"DREAM OR LIFE?









JOIN IN THE PREMIUM SIDE OF THE TELEGRAM : ğŸ‘‰ğŸ» CAR HUB

Put your reaction if you are Toyota lover â¤ï¸
 
#Toyota #Toyota@Carss_Edit #AestheticEdits@Carss_Edit #SmoothTransitions@Carss_Edit #4KEdits@Carss_Edit",video_310
180,309,"INNGEEERRRRRRRRR RRRRR






JOIN IN THE PREMIUM SIDE OF THE TELEGRAM : ğŸ‘‰ğŸ» CAR HUB

Put your reaction if you are Mercedes lover â¤ï¸
 
#Mercedes #Mercedes@Carss_Edit #AestheticEdits@Carss_Edit #SmoothTransitions@Carss_Edit #4KEdits@Carss_Edit",video_309
181,308,"ğŸ‘€OMG





JOIN IN THE PREMIUM SIDE OF THE TELEGRAM : ğŸ‘‰ğŸ» CAR HUB

Put your reaction if you are Cars Edit lover â¤ï¸
 
#CarEdit #CarsEdit@Carss_Edit #AestheticEdits@Carss_Edit #SmoothTransitions@Carss_Edit #4KEdits@Carss_Edit",video_308
182,307,"SUPRAAAAA



JOIN IN THE PREMIUM SIDE OF THE TELEGRAM : ğŸ‘‰ğŸ» CAR HUB

Put your reaction if you are Toyota lover â¤ï¸
 
#Toyota #Toyota@Carss_Edit #AestheticEdits@Carss_Edit #SmoothTransitions@Carss_Edit #4KEdits@Carss_Edit",video_307
183,306,"OMG WHO IS THIS BAD BOYğŸ¤©






JOIN IN THE PREMIUM SIDE OF THE TELEGRAM : ğŸ‘‰ğŸ» CAR HUB


Put your reaction if you are Cars Edit lover â¤ï¸
 
#CarEdit #CarsEdit@Carss_Edit #AestheticEdits@Carss_Edit #SmoothTransitions@Carss_Edit #4KEdits@Carss_Edit",video_306
184,305,"ğŸ« 






JOIN IN THE PREMIUM SIDE OF THE TELEGRAM : ğŸ‘‰ğŸ» CAR HUB

Put your reaction if you are Honda lover â¤ï¸
 
#Honda #Honda@Carss_Edit #AestheticEdits@Carss_Edit #SmoothTransitions@Carss_Edit #4KEdits@Carss_Edit",video_305
185,304,"JUST BEAT ON THIS BAD BOY'SğŸ‘  ğŸ˜‰




JOIN IN THE PREMIUM SIDE OF THE TELEGRAM : ğŸ‘‰ğŸ» CAR HUB

Put your reaction if you are Lotus lover â¤ï¸
 
#Lotus  #Lotus@Carss_Edit #AestheticEdits@Carss_Edit #SmoothTransitions@Carss_Edit #4KEdits@Carss_Edit",video_304
186,303,"GT3 touringğŸ‘ŒğŸ»



JOIN IN THE PREMIUM SIDE OF THE TELEGRAM : ğŸ‘‰ğŸ» CAR HUB

Put your reaction if you are Porsche lover â¤ï¸
 
#Porsche #Porsche@Carss_Edit #AestheticEdits@Carss_Edit #SmoothTransitions@Carss_Edit #4KEdits@Carss_Edit",video_303
187,302,"6x6 FERRARIğŸ’€ğŸ’€





JOIN IN THE PREMIUM SIDE OF THE TELEGRAM : ğŸ‘‰ğŸ» CAR HUB

Put your reaction if you are Ferrari lover â¤ï¸
 
#Ferrari #Ferrari@Carss_Edit #AestheticEdits@Carss_Edit #SmoothTransitions@Carss_Edit #4KEdits@Carss_Edit",video_302
188,301,"3XğŸ¥¶





JOIN IN THE PREMIUM SIDE OF THE TELEGRAM : ğŸ‘‰ğŸ» CAR HUB

Put your reaction if you are Corvette lover â¤ï¸
 
#ChevroletCorvette #ChevroletCorvette@Carss_Edit #AestheticEdits@Carss_Edit #SmoothTransitions@Carss_Edit #4KEdits@Carss_Edit",video_301
189,300,"Bugatti x PaganiğŸ¥µ



JOIN IN THE PREMIUM SIDE OF THE TELEGRAM : ğŸ‘‰ğŸ» CAR HUB

Put your reaction if you are Cars Edit lover â¤ï¸
 
#CarEdit #CarsEdit@Carss_Edit #AestheticEdits@Carss_Edit #SmoothTransitions@Carss_Edit #4KEdits@Carss_Edit",video_300
190,299,"JUST FEEL THE PREMIUM NIGHT DRIVEğŸ’€





JOIN IN THE PREMIUM SIDE OF THE TELEGRAM : ğŸ‘‰ğŸ» CAR HUB

Put your reaction if you are McLaren lover â¤ï¸
 
#McLaren #McLaren@Carss_Edit  #AestheticEdits@Carss_Edit #SmoothTransitions@Carss_Edit
#4KEdits@Carss_Edit",video_299
191,298,"GTRğŸ”¥



JOIN IN THE PREMIUM SIDE OF THE TELEGRAM : ğŸ‘‰ğŸ» CAR HUB

Put your reaction if you are Nissan lover â¤ï¸
 
#Nissan #Nissan@Carss_Edit  #AestheticEdits@Carss_Edit #SmoothTransitions@Carss_Edit
#4KEdits@Carss_Edit",video_298
192,294,"RS






JOIN IN THE PREMIUM SIDE OF THE TELEGRAM : ğŸ‘‰ğŸ» CAR HUB

Put your reaction if you are Porsche lover â¤ï¸
 
#Porsche #Porsche@Carss_Edit  #AestheticEdits@Carss_Edit #SmoothTransitions@Carss_Edit
#4KEdits@Carss_Edit",video_294
193,293,"WHEN BUGATTI COMES IN CLASSROOM ğŸ™‚â€â†”ï¸






JOIN IN THE PREMIUM SIDE OF THE TELEGRAM : ğŸ‘‰ğŸ» CAR HUB

Put your reaction if you are Bugatti lover â¤ï¸
 
#Bugatti #Bugatti@Carss_Edit  #AestheticEdits@Carss_Edit #SmoothTransitions@Carss_Edit
#4KEdits@Carss_Edit",video_293
194,292,"A LADY?ğŸ˜­ğŸ˜‚


JOIN IN THE PREMIUM SIDE OF THE TELEGRAM : ğŸ‘‰ğŸ» CAR HUB

Put your reaction if you are Cars Edit lover â¤ï¸
 
#CarEdit #CarsEdit@Carss_Edit #AestheticEdits@Carss_Edit #SmoothTransitions@Carss_Edit #4KEdits@Carss_Edit",video_292
195,291,"ğŸ¥µğŸ¥¶





JOIN IN THE PREMIUM SIDE OF THE TELEGRAM : ğŸ‘‰ğŸ» CAR HUB

Put your reaction if you are Cars Edit lover â¤ï¸
 
#CarEdit #CarsEdit@Carss_Edit #AestheticEdits@Carss_Edit #SmoothTransitions@Carss_Edit #4KEdits@Carss_Edit",video_291
196,290,"BOYS IS ALWAYS ğŸ˜Œ






JOIN IN THE PREMIUM SIDE OF THE TELEGRAM : ğŸ‘‰ğŸ» CAR HUB

Put your reaction if you are Cars Edit lover â¤ï¸
 
#CarEdit #CarsEdit@Carss_Edit #AestheticEdits@Carss_Edit #SmoothTransitions@Carss_Edit #4KEdits@Carss_Edit",video_290
197,289,"PORSCHE TURBO 3.6 




JOIN IN THE PREMIUM SIDE OF THE TELEGRAM : ğŸ‘‰ğŸ» CAR HUB

Put your reaction if you are Porsche lover â¤ï¸
 
#Porsche #Porsche@Carss_Edit  #AestheticEdits@Carss_Edit #SmoothTransitions@Carss_Edit
#4KEdits@Carss_Edit",video_289
198,288,"AMG SUPER POWERSğŸ¥µ


JOIN IN THE PREMIUM SIDE OF THE TELEGRAM : ğŸ‘‰ğŸ» CAR HUB

Put your reaction if you are Mercedes lover â¤ï¸
 
#Mercedes #Mercedes@Carss_Edit  #AestheticEdits@Carss_Edit #SmoothTransitions@Carss_Edit
#4KEdits@Carss_Edit",video_288
199,287,"MANSORY G WAGON 1 OF 10


JOIN IN THE PREMIUM SIDE OF THE TELEGRAM : ğŸ‘‰ğŸ» CAR HUB

Put your reaction if you are Mercedes lover â¤ï¸
 
#Mercedes #Mercedes@Carss_Edit  #AestheticEdits@Carss_Edit #SmoothTransitions@Carss_Edit
#4KEdits@Carss_Edit",video_287
200,286,"BRO IS JUST CASUAL CUSTOMER FOR SUPER CARS



JOIN IN THE PREMIUM SIDE OF THE TELEGRAM : ğŸ‘‰ğŸ» CAR HUB

Put your reaction if you are Cars Edit lover â¤ï¸
 
#CarEdit #CarsEdit@Carss_Edit #AestheticEdits@Carss_Edit #SmoothTransitions@Carss_Edit #4KEdits@Carss_Edit",video_286
201,285,"FINALLY HERE IS A MARUTHI 800ğŸ™‚â€â†”ï¸



JOIN IN THE PREMIUM SIDE OF THE TELEGRAM : ğŸ‘‰ğŸ» CAR HUB

Put your reaction if you are Maruthi lover â¤ï¸
 
#Maruthi #Maruthi@Carss_Edit  #AestheticEdits@Carss_Edit #SmoothTransitions@Carss_Edit
#4KEdits@Carss_Edit",video_285
202,284,"BRO IS TRY TO COOK THE FERRAI'S COLOUR ğŸ¥µ


JOIN IN THE PREMIUM SIDE OF THE TELEGRAM : ğŸ‘‰ğŸ» CAR HUB

Put your reaction if you are Ferrari lover â¤ï¸
 
#Ferrari #Ferrari@Carss_Edit  #AestheticEdits@Carss_Edit #SmoothTransitions@Carss_Edit
#4KEdits@Carss_Edit",video_284
203,283,"HOW CAN YOU?ğŸ˜Œ





JOIN IN THE PREMIUM SIDE OF THE TELEGRAM : ğŸ‘‰ğŸ» CAR HUB

Put your reaction if you are Bentley lover â¤ï¸
 
#Bentley #Bentley@Carss_Edit  #AestheticEdits@Carss_Edit #SmoothTransitions@Carss_Edit
#4KEdits@Carss_Edit",video_283
204,282,"WORLDS ENDURANCE CHAMPION FERRARI ğŸ‡®ğŸ‡¹ğŸ”¥





JOIN IN THE PREMIUM SIDE OF THE TELEGRAM : ğŸ‘‰ğŸ» CAR HUB

Put your reaction if you are Ferrari lover â¤ï¸
 
#Ferrari #Ferrari@Carss_Edit  #AestheticEdits@Carss_Edit #SmoothTransitions@Carss_Edit
#4KEdits@Carss_Edit",video_282
205,281,"BLACK IS ALWAYS ğŸ”¥





JOIN IN THE PREMIUM SIDE OF THE TELEGRAM : ğŸ‘‰ğŸ» CAR HUB

Put your reaction if you are Maserati lover â¤ï¸
 
#Maserati #Maserati@Carss_Edit  #AestheticEdits@Carss_Edit #SmoothTransitions@Carss_Edit
#4KEdits@Carss_Edit",ssstik.io_1754807075376.mp4
206,280,"ğŸ’ MARRY ME





JOIN IN THE PREMIUM SIDE OF THE TELEGRAM : ğŸ‘‰ğŸ» CAR HUB

Put your reaction if you are Maserati lover â¤ï¸
 
#Maserati #Maserati@Carss_Edit  #AestheticEdits@Carss_Edit #SmoothTransitions@Carss_Edit
#4KEdits@Carss_Edit",ssstik.io_1754807138483.mp4
207,279,"WHO NEEDS A ğŸ’ WHEN THEY HAVE A MASERATI ğŸ”± ğŸ™‚â€â†”ï¸





JOIN IN THE PREMIUM SIDE OF THE TELEGRAM : ğŸ‘‰ğŸ» CAR HUB

Put your reaction if you are Maserati lover â¤ï¸
 
#Maserati #Maserati@Carss_Edit  #AestheticEdits@Carss_Edit #SmoothTransitions@Carss_Edit
#4KEdits@Carss_Edit",ssstik.io_1754807247746.mp4
208,278,"Maserati as Safety car?ğŸ˜­ğŸ˜‚





JOIN IN THE PREMIUM SIDE OF THE TELEGRAM : ğŸ‘‰ğŸ» CAR HUB

Put your reaction if you are Maserati lover â¤ï¸
 
#Maserati #Maserati@Carss_Edit  #AestheticEdits@Carss_Edit #SmoothTransitions@Carss_Edit
#4KEdits@Carss_Edit",ssstik.io_1754807525195.mp4
209,277,"MCPURA
PURE EMOTIONAL ENERGY ğŸ’€





JOIN IN THE PREMIUM SIDE OF THE TELEGRAM : ğŸ‘‰ğŸ» CAR HUB

Put your reaction if you are Maserati lover â¤ï¸
 
#Maserati #Maserati@Carss_Edit  #AestheticEdits@Carss_Edit #SmoothTransitions@Carss_Edit
#4KEdits@Carss_Edit",ssstik.io_1754807297884.mp4
210,276,"HIGHEST âš¡ï¸





JOIN IN THE PREMIUM SIDE OF THE TELEGRAM : ğŸ‘‰ğŸ» CAR HUB

Put your reaction if you are Maserati lover â¤ï¸
 
#Maserati #Maserati@Carss_Edit  #AestheticEdits@Carss_Edit #SmoothTransitions@Carss_Edit
#4KEdits@Carss_Edit",ssstik.io_1754807498983.mp4
211,275,"WANNA JUMP ON IT? ğŸŒš






JOIN IN THE PREMIUM SIDE OF THE TELEGRAM : ğŸ‘‰ğŸ» CAR HUB

Put your reaction if you are Cars Edit lover â¤ï¸
 
#CarEdit #@Carss_Edit #AestheticEdits@Carss_Edit #SmoothTransitions@Carss_Edit #4KEdits@Carss_Edit",ssstik.io_1754807407859.mp4
212,274,"MID NIGHT CRAVINGğŸ«¡





JOIN IN THE PREMIUM SIDE OF THE TELEGRAM : ğŸ‘‰ğŸ» CAR HUB

Put your reaction if you are Porsche lover â¤ï¸

#Porsche@Carss_Edit #AestheticEdits@Carss_Edit  #SmoothTransitions@Carss_Edit  #4KEdits@Carss_Edit",video_274
213,273,"Girls âŒ Cars âœ…




JOIN IN THE PREMIUM SIDE OF THE TELEGRAM : ğŸ‘‰ğŸ» CAR HUB


Put your reaction if you are BMW lover â¤ï¸

#BMW@Carss_Edit #AestheticEdits@Carss_Edit  #SmoothTransitions@Carss_Edit  #4KEdits@Carss_Edit",video_273
214,272,"OLD IS GOLDğŸ« 




JOIN IN THE PREMIUM SIDE OF THE TELEGRAM : ğŸ‘‰ğŸ» CAR HUB


Put your reaction if you are  Lamborghini lover â¤ï¸

#Lamborghini@Carss_Edit #AestheticEdits@Carss_Edit  #SmoothTransitions@Carss_Edit #4KEdits@Carss_Edit",video_272
215,271,"FROM THE HEAVEN ğŸ« 





JOIN IN THE PREMIUM SIDE OF THE TELEGRAM : ğŸ‘‰ğŸ» CAR HUB

Put your reaction if you are Cars Edit lover â¤ï¸
 
#CarEdit #@Carss_Edit #AestheticEdits #SmoothTransitions #4KEdits",video_271
216,270,"JUST ROLL YOUR ğŸ‘€ ON THE RR




JOIN IN THE PREMIUM SIDE OF THE TELEGRAM : ğŸ‘‰ğŸ» CAR HUB

Put your reaction if you are Rolls Royce lover â¤ï¸
 
#RollsRoyce@Carss_Edit #AestheticEdits #SmoothTransitions #4KEdits",video_270
217,269,"RANGE ROVER âŒ MANSORY âœ…




JOIN IN THE PREMIUM SIDE OF THE TELEGRAM : ğŸ‘‰ğŸ» CAR HUB

Put your reaction if you are Range Rover lover â¤ï¸
 
#RangeRover@Carss_Edit #AestheticEdits #SmoothTransitions #4KEdits",video_269
218,268,"Real x Ai ğŸ



JOIN IN THE PREMIUM SIDE OF THE TELEGRAM : ğŸ‘‰ğŸ» CAR HUB

Put your reaction if you are Dodge lover â¤ï¸
 
#Dodge@Carss_Edit #AestheticEdits #SmoothTransitions #4KEdits",video_268
219,267,"THE SPECIAL ONE ğŸ’€ğŸª

JOIN IN THE PREMIUM SIDE OF THE TELEGRAM : ğŸ‘‰ğŸ» CAR HUB

Put your reaction if you are McLaren lover â¤ï¸
 
#McLaren@Carss_Edit #AestheticEdits #SmoothTransitions #4KEdits",ssstik.io_1754762479326.mp4
220,265,"THE BEAST RANGER  ğŸ”¥


PUT YOU REACTIONS IF YOU ARE FORD FAN â¤ï¸

#Ford@Carss_Edit #AestheticEdits #SmoothTransitions #4KEdits",@Carss_Edit.mp4
221,264,"Another flying fire editâœ¨


Put your reaction if you are Car lover â¤ï¸

CLICK HERE FOR MORE

#CarEdit #Carsedit@Carss_Edit #AestheticEdits #SmoothTransitions #4KEdits",video_264
222,263,"It's your road, and yours alone.
Others may walk it with you, but no one can walk it for you. 


Motivation Arczâœ¨",0726.mp4
223,262,"Lamborghini ğŸƒ

JOIN HERE FOR MORE

#Lamborghini@Carss_Edit #AestheticEdits #SmoothTransitions #4KEdits",AQNZmlbCZhYdkjWnWL76WuZaGQRH30SJD2woLIxn2yQECgvtLv4NXgyUYhyZLsc.mp4
224,260,"Just feel the Luxury ğŸ’«


Put your reaction if you are Aston Martin lover â¤ï¸

#AstonMartin@Carss_Edit #4kCarss_Edit #SmoothTransitions@Carss_Edit",AQM5NwgG1MAGjzwS_qdt_0iBQG8IOmGl6lM8OcmXHzm1j64IAz6Hh67tAdnPNKZNUVtjgF.mp4
225,259,"BUGATTI ğŸ’€ğŸ‘»
Look at that crazy hot eyes


SEE MORE HERE

#Bugatti@Carss_Edit #4kCarss_Edit #SmoothTransitions@Carss_Edit",ssstik.io_1750668668636.mp4
226,258,"STILL SEXYY ğŸ¥µğŸ¥µ


Put your reaction if you are BMW lover â¤ï¸

CLICK HERE FOR MORE

#BMW@Carss_Edit #AestheticEdits #SmoothTransitions #4KEdits",ssstik.io_1750668394725.mp4
227,257,"NISSANğŸ’«

    GT
     R



PUT YOU REACTIONS IF YOU ARE A NISSAN GTR FAN â¤ï¸

#Nissan@Carss_Edit #AestheticEdits #SmoothTransitions #4KEdits",reelsvideo.io_1749486658672.mp4
228,256,"JUst a TurboğŸ’«


Join here for more


#Toyota@Carss_Edit #4kCarss_Edit #SmoothTransitions@Carss_Edit",reelsvideo.io_1749486502899.mp4
229,255,"Aston Family ğŸŒš


Put your reaction if you are Aston Martin lover â¤ï¸

#AstonMartin@Carss_Edit #4kCarss_Edit #SmoothTransitions@Carss_Edit",reelsvideo.io_1749486401591.mp4
230,254,"Lamborghini ğŸ§ª

JOIN HERE FOR MORE

#Lamborghini@Carss_Edit #AestheticEdits #SmoothTransitions #4KEdits",SaveVid_Net_AQM08CvXwyrKcK2PTY45veIRxKgdVpkufc1X59EFTXdik_PUl6Z.mp4
231,251,"Audi ğŸ“ˆ


â™¡ ã…¤ Â Â  âã…¤Â Â  Â Â Â âŒ² 
Ë¡á¶¦áµáµ‰Â  á¶œáµ’áµáµáµ‰â¿áµ—Â Â Â Ë¢Ê°áµƒÊ³áµ‰
joÎ¹É´ Ï…Ñ•: here


#Audi@Carss_Edit #AestheticEdits #SmoothTransitions #4KEdits",ssstik.io_1750668883698.mp4
232,250,"Put your reaction if you are Car lover â¤ï¸

CLICK HERE FOR MORE

#CarEdit #Carsedit@Carss_Edit #AestheticEdits #SmoothTransitions #4KEdits",reelsvideo.io_1749486310483.mp4
233,249,"ğŸ…±ï¸â“‚ï¸W  ğŸ« 

Put your reaction if you are BMW lover â¤ï¸

CLICK HERE FOR MORE

#BMW@Carss_Edit #AestheticEdits #SmoothTransitions #4KEdits",reelsvideo.io_1749417702668.mp4
234,248,"Babes ğŸ« ğŸ« â¤ï¸


JOIN HERE FOR MORE 

#Porsche@Carss_Edit #AestheticEdits #SmoothTransitions #4KEdits",reelsvideo.io_1749417590723.mp4
235,247,"McLaren x Mercedes SLR ğŸ¥µ

â™¡ ã…¤ Â Â  âã…¤Â Â  Â Â Â âŒ² 
Ë¡á¶¦áµáµ‰Â  á¶œáµ’áµáµáµ‰â¿áµ—Â Â Â Ë¢Ê°áµƒÊ³áµ‰

joÎ¹É´ Ï…Ñ•: here


#Mercedes@Carss_Edit #AestheticEdits #SmoothTransitions #4KEdits",ssstik.io_1750668782182.mp4
236,246,"Put your reaction if you are Car lover â¤ï¸

CLICK HERE FOR MORE

#CarEdit #Carsedit@Carss_Edit #AestheticEdits #SmoothTransitions #4KEdits",reelsvideo.io_1749417372297.mp4
237,245,"Porsche 911ğŸ« ğŸ«  
OLD IS GOLD


JOIN HERE FOR MORE 

#Porsche@Carss_Edit #AestheticEdits #SmoothTransitions #4KEdits",ssstik.io_1750668612241.mp4
238,244,"Put your reaction if you are Car lover â¤ï¸

CLICK HERE FOR MORE

#CarEdit #Carsedit@Carss_Edit #AestheticEdits #SmoothTransitions #4KEdits",ssstik.io_1750668459144.mp4
239,243,"Another insane edit ğŸ¥µğŸ¥µğŸ¥µ


Put your reaction if you are Car lover â¤ï¸

CLICK HERE FOR MORE

#CarEdit #Carsedit@Carss_Edit #AestheticEdits #SmoothTransitions #4KEdits",reelsvideo.io_1749417318430.mp4
240,242,"M5 Competition


Put your reaction if you are BMW lover â¤ï¸

CLICK HERE FOR MORE

#BMW@Carss_Edit #AestheticEdits #SmoothTransitions #4KEdits",ssstik.io_1750668565127.mp4
241,241,"Is this called insane edit ğŸ˜¬ğŸ¥µğŸ¥µ



Put your reaction if you are Car lover â¤ï¸

CLICK HERE FOR MORE

#CarEdit #Carsedit@Carss_Edit #AestheticEdits #SmoothTransitions #4KEdits",reelsvideo.io_1749417238779.mp4
242,240,"Li Auto L8 ğŸ’¯


Put your reaction if you are Li Auto Lover â¤ï¸


#LiAuto@Carss_Edit #4kCarss_Edit #SmoothTransitions@Carss_Edit",ssstik.io_1750668269162.mp4
243,239,"Put your reaction if you are Car lover â¤ï¸

CLICK HERE FOR MORE

#CarEdit #Carsedit@Carss_Edit #AestheticEdits #SmoothTransitions #4KEdits",reelsvideo.io_1749417154700.mp4
244,238,"DBS Superleggeraâœ¨


Put your reaction if you are Aston Martin lover â¤ï¸

#AstonMartin@Carss_Edit #4kCarss_Edit #SmoothTransitions@Carss_Edit",ssstik.io_1750670714045.mp4
245,237,"ğŸ¯

#AlfaRomeo@Carss_Edit #AestheticEdits #SmoothTransitions #4KEdits",ssstik.io_1750670369975.mp4
246,236,"Yoowwww. DID YOU GUY'S SEE THIS KTM SUPER CAR BEFORE ğŸ‘€



Put your reaction if you are KTM lover â¤ï¸

#KTM@Carss_Edit #AestheticEdits #SmoothTransitions #4KEdits",ssstik.io_1750670313499.mp4
247,235,"Ferrari-France âœ¨


Put your reaction if you are Ferrari lover â¤ï¸

#Ferrari@Carss_Edit #AestheticEdits #SmoothTransitions #4KEdits",ssstik.io_1750670243614.mp4
248,234,"Corvette C5 ğŸ¥€
GoodBye

JOIN HERE FOR MORE

#Corvette@Carss_Edit #AestheticEdits #SmoothTransitions #4KEdits",ssstik.io_1750668985764.mp4
249,233,"YANMER  ğŸ“ˆğŸ¥µğŸ¥µ



JOIN HERE FOR MORE",reelsvideo.io_1749416902160.mp4
250,232,"GT3RS

JOIN HERE FOR MORE 

#Porsche@Carss_Edit #AestheticEdits #SmoothTransitions #4KEdits",ssstik.io_1747509097627.mp4
251,230,"Put your reaction if you are Car lover â¤ï¸

CLICK HERE FOR MORE

#CarEdit #Carsedit@Carss_Edit #AestheticEdits #SmoothTransitions #4KEdits",reelsvideo.io_topaz ai.mp4
252,227,"ğŸ…±ï¸â“‚ï¸W  ğŸ« 

Put your reaction if you are BMW lover â¤ï¸

CLICK HERE FOR MORE

#BMW@Carss_Edit #AestheticEdits #SmoothTransitions #4KEdits",reelsvideo.io_1749343136142.mp4
253,226,"AMG Is So SEXYğŸ«¦

Put your reaction if you are Mercedes lover â¤ï¸

#Mercedes@Carss_Edit #4kCarss_Edit #SmoothTransitions@Carss_Edit",ssstik.io_1745912293351.mp4
254,224,"Uufffff Is this expensive ğŸ˜¬

Put your reaction if you are Aston Martin lover â¤ï¸

#AstonMartin@Carss_Edit #4kCarss_Edit #SmoothTransitions@Carss_Edit",ssstik.io_1745911500933.mp4
255,221,"DROPS ON BLUE'SğŸ« ğŸ« 

Put your reaction if you are Ferrari lover â¤ï¸

#Ferrari@Carss_Edit #AestheticEdits #SmoothTransitions #4KEdits",ssstik.io_1747508288702.mp4
256,220,"NISSAN ÅÄ·á»³Ä¼Ã®Å„Ã© GTR ğŸ«†



#Nissan@Carss_Edit #AestheticEdits #SmoothTransitions #4KEdits",ssstik.io_1747508552933.mp4
257,219,"â™¡ ã…¤ Â Â  âã…¤Â Â  Â Â Â âŒ² 
Ë¡á¶¦áµáµ‰Â  á¶œáµ’áµáµáµ‰â¿áµ—Â Â Â Ë¢Ê°áµƒÊ³áµ‰
joÎ¹É´ Ï…Ñ•: here


#Ferrari@Carss_Edit #AestheticEdits #SmoothTransitions #4KEdits",ssstik.io_1747508634004.mp4
258,218,"Continental GT

JOIN HERE FOR MORE

#Bentley@Carss_Edit #AestheticEdits #SmoothTransitions #4KEdits",ssstik.io_1747508682775.mp4
259,217,"Lamborghini â™¾ï¸

JOIN HERE FOR MORE

#Lamborghini@Carss_Edit #AestheticEdits #SmoothTransitions #4KEdits",ssstik.io_1747508926135.mp4
260,216,,ssstik.io_1747508971646.mp4
261,215,"Range Rover

JOIN HERE FOR MORE 

#LandRover@Carss_Edit #AestheticEdits #SmoothTransitions #4KEdits",ssstik.io_1747509171390.mp4
262,214,"THE LEGENDRY ONE
    Porsche 917 âœ¨

JOIN HERE FOR MORE 

#Porsche@Carss_Edit #AestheticEdits #SmoothTransitions #4KEdits",ssstik.io_1747509400408.mp4
263,213,"I KNEW HIS MIND ğŸ’€ğŸª



Put your reaction if you are McLaren lover â¤ï¸

#McLaren@Carss_Edit #AestheticEdits #SmoothTransitions #4KEdits",ssstik.io_1747509486748.mp4
264,212,"GT3RS WITH NO WORDS ğŸ« ğŸ« 

JOIN HERE FOR MORE 

#Porsche@Carss_Edit #AestheticEdits #SmoothTransitions #4KEdits",ssstik.io_1747509572377.mp4
265,211,"Mercedes âŒ
Lamborghini âœ…

JOIN HERE FOR MORE

#Lamborghini@Carss_Edit #AestheticEdits #SmoothTransitions #4KEdits",ssstik.io_1747509680115.mp4
266,209,"AUDI R8ğŸ’«


â™¡ ã…¤ Â Â  âã…¤Â Â  Â Â Â âŒ² 
Ë¡á¶¦áµáµ‰Â  á¶œáµ’áµáµáµ‰â¿áµ—Â Â Â Ë¢Ê°áµƒÊ³áµ‰
joÎ¹É´ Ï…Ñ•: here


#Audi@Carss_Edit #AestheticEdits #SmoothTransitions #4KEdits",ssstik.io_1747508065863.mp4
267,208,"IS THIS QUALITY OKAY?ğŸ«£ğŸ¥µ

â™¡ ã…¤ Â Â  âã…¤Â Â  Â Â Â âŒ² 
Ë¡á¶¦áµáµ‰Â  á¶œáµ’áµáµáµ‰â¿áµ—Â Â Â Ë¢Ê°áµƒÊ³áµ‰
joÎ¹É´ Ï…Ñ•: here


#Mercedes@Carss_Edit #AestheticEdits #SmoothTransitions #4KEdits",ssstik.io_1747508148778.mp4
268,207,"â™¡ ã…¤ Â Â  âã…¤Â Â  Â Â Â âŒ² 
Ë¡á¶¦áµáµ‰Â  á¶œáµ’áµáµáµ‰â¿áµ—Â Â Â Ë¢Ê°áµƒÊ³áµ‰
joÎ¹É´ Ï…Ñ•: here


#Ferrari@Carss_Edit #AestheticEdits #SmoothTransitions #4KEdits",ssstik.io_1747508010133.mp4
269,206,"Why it's so Shinny ğŸ‘» 

Put your reaction if you are Ferrari lover â¤ï¸

CLICK HERE FOR MORE

#Ferrari@Carss_Edit #AestheticEdits #SmoothTransitions #4KEdits",ssstik.io_1747507929068.mp4
270,203,"OLD IS GOLD ğŸ« 

Put your reaction if you are Ferrari lover â¤ï¸

CLICK HERE FOR MORE

#Ferrari@Carss_Edit #AestheticEdits #SmoothTransitions #4KEdits",ssstik.io_1747480412453.mp4
271,202,"Lamborghini ğŸ’€

Put your reaction if you are Lamborghini lover â¤ï¸

CLICK HERE FOR MORE

#Lamborghini@Carss_Edit #AestheticEdits #SmoothTransitions #4KEdits",ssstik.io_1747480523935.mp4
272,201,"ğŸ…±â“‚W  ğŸ« 

Put your reaction if you are BMW lover â¤ï¸

CLICK HERE FOR MORE

#BMW@Carss_Edit #AestheticEdits #SmoothTransitions #4KEdits",ssstik.io_1747480594642.mp4
273,200,"BMWğŸ« 

Put your reaction if you are BMW lover â¤ï¸

CLICK HERE FOR MORE

#BMW@Carss_Edit #AestheticEdits #SmoothTransitions #4KEdits",VID_20250101_123135_218.mp4
274,199,"Aston Martin

#AstonMartin@Carss_Edit #4kCarss_Edit #SmoothTransitions@Carss_Edit",ssstik.io_@pepijn.visual_1746684912740.mp4
275,198,,Meanest_SF90ğŸ˜ˆ_#cars_#car_#fyp_#viral_#4kluxa_#ferrari_#sf90.mp4
276,197,"I'M LITERALLY FALL IN LOVE WITH PORSCHE ğŸ–¤â¤ï¸â€ğŸ”¥

DO YOU WANNA FALL IN LOVE WITH CARS 

JOIN HERE",hit_the_reverse_ğŸ”„_@lu_cars_mediaÂ®_#4k_#cars_#car_#luxury_#fyp_#porsche.mp4
277,196,,ssstik.io_@992.gotham_1746908463060.mp4
278,195,"COOL ğŸ˜‰

JOIN HERE FOR MORE",ssstik.io_1745911314888.mp4
279,193,,Mclaren_gives_you_wiiings_#Mclaren_#765lt_#Dubaicars_#Redbull_#Givesyouwings.mp4
280,192,"911 vs 991


What you guys think about this? ğŸ˜

PUT YOUR REACTIONS ğŸ‘‡ğŸ»

Wanna see more edits ?
JOIN HERE",download (2).mp4
281,189,"OOHHHH YEAHHHHHH HERE IS A ANOTHER BUGATTI ğŸ’€ğŸ‘»

SEE MORE HERE

#Bugatti@Carss_Edit #4kCarss_Edit #SmoothTransitions@Carss_Edit",ssstik.io_1746684105304.mp4
282,188,"BUGATTIâœ¨

Feel smoothnessğŸ« 

#Bugatti@Carss_Edit #4kCarss_Edit #SmoothTransitions@Carss_Edit

Carss_Edit",ssstik.io_1746643925796.mp4
283,187,,ssstik.io_1746194348742.mp4
284,186,,ssstik.io_1746194434815.mp4
285,185,,ssstik.io_1746194505845.mp4
286,184,"Do you wanna see more interesting edits and cars?

Join Now My Pal ğŸ˜ŒğŸ˜‰

#BMW@Carss_Edit #AestheticEdits #SmoothTransitions #4KEdits",ssstik.io_1746194245322.mp4
287,183,"Lamborghini Aventador SVJ

""Super Veloce Jota""ğŸ˜‰ğŸ˜",ssstik.io_1745911409604.mp4
288,180,"Oohh Yeahhh it's a Porsche again ğŸğŸ’¨âœ¨

Song : Nobody's Business (feat. Chris Brown) â€” Rihanna

Wanna see more? Join here",ssstik.io_1745911351598.mp4
289,178,"Ferrari ğŸğŸ’¨

Wanna Join with me? 
Just click here ğŸ˜‰

CarsEditHub",ssstik.io_1745912036390.mp4
290,170,"Do you guys ever see this car before?

HELL YEAHHH....! IT'S MANSORY'Sâœ¨",ssstik.io_1745912360843.mp4
291,169,,ssstik.io_1745834974959.mp4
292,168,,ssstik.io_1745835009599.mp4
293,167,,ssstik.io_1745835114020.mp4
294,166,#AstonMartin@Carss_Edit #AestheticEdits #SmoothTransitions #4KEdits,ssstik.io_1745835309080.mp4
295,165,"#WolksVagon@Carss_Edit #AestheticEdits #SmoothTransitions #4KEdits
#Toyota@Carss_Edit #AestheticEdits #SmoothTransitions #4KEdits",ssstik.io_1745835393018.mp4
296,164,#WolksVagon@Carss_Edit #AestheticEdits #SmoothTransitions #4KEdits,ssstik.io_1745835467282.mp4
297,163,,ssstik.io_1745835655082.mp4
298,162,,ssstik.io_1745835754389.mp4
299,161,,ssstik.io_1745835840326.mp4
300,160,,ssstik.io_1745835983754.mp4
301,159,,ssstik.io_1745836395452.mp4
302,157,,SaveGram_App_AQMjvnMavuTaYfDNlPPKOf5_Sl3arGWMGvySBTikJlOMq_rZ8Ddu4k.mp4
303,156,PORSCHE 911,SaveGram_App_AQMQSSrAVWhWkWPnXEXZHLTKwOD6G84XBCtfCBUz9vm5_CcFel3e.mp4
304,155,"PORSCHE 911GT3RS

The eyesğŸ’€

Wanna more edits? Click here",ssstik.io_1745758482166.mp4
305,154,,ssstik.io_1745759045496.mp4
306,153,BMW M2ğŸ”¥,ssstik.io_1745759229212.mp4
307,152,,ssstik.io_1745759314601.mp4
308,151,Wanna join,ssstik.io_1745651657652.mp4
309,150,Wanna join,ssstik.io_1745648907205.mp4
310,149,Wanna join,ssstik.io_1745648965682.mp4
311,148,Wanna join? ğŸ’€,ssstik.io_1745649068930.mp4
312,147,,ssstik.io_1745562461117.mp4
313,146,#RollsRoyes@Carss_Edit #AestheticEdits #SmoothTransitions #4KEdits,ssstik.io_1745558995201.mp4
314,145,,ssstik.io_1745412541332.mp4
315,144,,ssstik.io_1745506202673.mp4
316,143,,ssstik.io_1745506388349.mp4
317,142,#BMW@Carss_Edit #AestheticEdits@Carss_Edit  #SmoothTransitions@Carss_Edit  #4KEdits@Carss_Edit,ssstik.io_1745506302712.mp4
318,141,#BMW@Carss_Edit #AestheticEdits@Carss_Edit  #SmoothTransitions@Carss_Edit  #4KEdits@Carss_Edit,ssstik.io_1745506436886.mp4
319,140,#BMW@Carss_Edit #AestheticEdits@Carss_Edit  #SmoothTransitions@Carss_Edit  #4KEdits@Carss_Edit,ssstik.io_1745506510228.mp4
320,139,,ssstik.io_1745506569082.mp4
321,138,,ssstik.io_1745506805735.mp4
322,137,,ssstik.io_1745506845985.mp4
323,136,#BMW@Carss_Edit #AestheticEdits@Carss_Edit  #SmoothTransitions@Carss_Edit  #4KEdits@Carss_Edit,ssstik.io_1745506910692.mp4
324,135,#McLaren@Carss_Edit #AestheticEdits@Carss_Edit  #SmoothTransitions@Carss_Edit  #4KEdits@Carss_Edit,ssstik.io_1745507357173.mp4
325,134,,ssstik.io_1745370914378.mp4
326,133,#Mercedes@Carss_Edit #AestheticEdits@Carss_Edit  #SmoothTransitions@Carss_Edit  #4KEdits@Carss_Edit,ssstik.io_1745370945834.mp4
327,132,#Audi@Carss_Edit #AestheticEdits@Carss_Edit  #SmoothTransitions@Carss_Edit  #4KEdits@Carss_Edit,ssstik.io_1745370996130.mp4
328,131,,ssstik.io_1745371051076.mp4
329,130,,ssstik.io_1745371127922.mp4
330,129,,ssstik.io_1745371225634.mp4
331,128,,ssstik.io_1745371605046.mp4
332,127,,ssstik.io_1745371695869.mp4
333,126,,ssstik.io_1745371741301.mp4
334,125,,ssstik.io_1745371774787.mp4
335,124,,ssstik.io_1745370684952.mp4
336,123,Quality ğŸ¤©ğŸ’¯,ssstik.io_1745370382892.mp4
337,121,,4e390b85f8f959f6574e65b46355221a.mp4
338,120,,4c72e7c745f77d165c8b54271cd3ea96 (1).mp4
339,119,,d0491f319c659e79d6282f25d622c0b8_t4.mp4
340,118,,05c623771bf37e2f975e681975a1fe7a.mp4
341,117,#BMW@Carss_Edit #AestheticEdits@Carss_Edit  #SmoothTransitions@Carss_Edit  #4KEdits@Carss_Edit,cf880e0521a54f18dc45d0731029031a.mp4
342,116,#Audi@Carss_Edit #AestheticEdits@Carss_Edit  #SmoothTransitions@Carss_Edit  #4KEdits@Carss_Edit,2e39d358cd524aeb6341b54489bcd305.mp4
343,115,,278bb0a63afde22ddd3dcbd2e734cd4c.mp4
344,114,#Audi@Carss_Edit #AestheticEdits@Carss_Edit  #SmoothTransitions@Carss_Edit  #4KEdits@Carss_Edit,8b8b38882caceeb360a5dc975f8032c1.mp4
345,113,,4ca3b90464827e0f87e5a47cebed5f89.mp4
346,112,,9596903a573109dbd29982fc7a5351cd.mp4
347,111,,43a4fc2ac2909a54e1b4e8e52c9a824a.mp4
348,110,,66a081b69091d39a89cbc166e735d09f.mp4
349,109,,7d45ec192d885bcd2cebdeeccb28a823.mp4
350,108,,20bbe86c6968eb6c00c30aa47160610c.mp4
351,107,#Bugatti@Carss_Edit #AestheticEdits@Carss_Edit  #SmoothTransitions@Carss_Edit  #4KEdits@Carss_Edit,b932624b786a0dc0e53bbb4e987d923c.mp4
352,106,,048a91567291eade03f57e0a42ac04b4.mp4
353,105,,f140ae8a0135347874ebe89642b094eb.mp4
354,104,,4ecf4e9c3dd67b45865775a30399c1e2.mp4
355,103,,fae2636b18ed70fbf808dd1b1eb0f92b.mp4
356,102,,49d9aba43355e73cbec7f3a25cfccba6.mp4
357,101,,35db259272efb289ae976513a2d1df9e.mp4
358,100,,e722bbdaf0a973d8e33c67b2d8a9eac2.mp4
359,99,,f368995b16bd1b9b6a62aab4b3b68016.mp4
360,98,,e4f1e870af302daed860ef0995c8c87f.mp4
361,97,,bcc69c93415d71dc540f91953bc6cbe5.mp4
362,96,,d9c1f63152c36ceceeac3fcef319b7c4.mp4
363,95,,eb0782ca5c54596a08e124979af6e22d_t4.mp4
364,89,,4c97da6d3916fd2fb3bb6dd8b3b47977.mp4
365,88,,52953fc32113488a60f3d7a8b548e04d_720w.mp4
366,87,,3e2e33e203b06da7e7c0378f23db0cdb.mp4
367,86,,79b139e2589ebcc8ce6e96937d0c0a11.mp4
368,85,,ce0533edcf7001ba206c0b432c2d104a.mp4
369,84,,4de050d0a0254ed677964d10075c2f27.mp4
370,83,,88b33473818a42fcc7218e07959487e6.mp4
371,82,,e9097c7666fe84e051b41559d10e0caf_720w.mp4
372,81,,b079218da0a2522638b15f9b5d4205ab_720w.mp4
373,80,,657fd77d98f04e4cb946fd55d1778ed6.mp4
374,79,,a785c9aa1686fc1df92a17f8adf942ac.mp4
375,78,,75302e7363bb42c6042ca9cae90f54d7.mp4
376,77,,4c72e7c745f77d165c8b54271cd3ea96.mp4
377,76,,2ab9739026b2861970bc2581ddb378b4.mp4
378,75,,9238e8949cbff89889d3b1a6beef2148.mp4
379,74,,8fb9a6dd8b7cf818f7c03eee1acf9303.mp4
380,73,,e38b4f177913136ebf264589e44cd848.mp4
381,72,,0a73a683c0a294df75adbde970c67a5e.mp4
382,69,,7f01d96be064770a0fc5ead3a6df3371.mp4
383,68,,c3b61ac3b3d7191673c0b7a5c9f48cb9.mp4
384,67,,f70fd0d4eabf1e9b901aeea99982619f_720w.mp4
385,66,,b99a2a5adec1151b9d6da20d40262316.mp4
386,65,,c8f28bcaffcd10d83afcab6abfeefaf4 (1).mp4
387,64,,d3d202776c3f43a81ded5c7e40f64fd9.mp4
388,63,,55570db8f4d7aa55a6898e30577137fd.mp4
389,62,,69f427ecc30e17f00d6b529be52b61e1_720w.mp4
390,61,,3fa66d9967b5872e06b459955e04004f_720w.mp4
391,60,,6d1a4def89ff5997716804c8f412cd0c_720w.mp4
392,59,,e193a592ddd594ecb2872efa06995e25_720w.mp4
393,58,,1224ee12836637fac3cd399fe6cddb70.mp4
394,57,,a63b5ee0404e431ba0ed07fb1caee670.mp4
395,56,,c4c8dd59acf12f14a2a4f2f3b6f550b7.mp4
396,55,,d5f4973b7b4febae361137178e731aa2.mp4
397,54,,d597d9d5ff4380bc20588bc96e422642.mp4
398,53,,b654d9ae14c18d20cca78dc7ae25d37b.mp4
399,52,,ed8fb693f2a85845a508ab9934a7594d.mp4
400,51,,a44b87ea83a79675fbf6cba46a08cc89_720w.mp4
401,50,,1fff968d6c59463b3d95a4d9a6591a95.mp4
402,49,,19252170b47cb3212c1702aa9b487d65.mp4
403,48,IS MAX A GOAT ? ğŸ,b7893671329d2a85f1b6451569556dff.mp4
404,47,,907b34f65bce36728cdff48e56631866.mp4
405,46,,7f7ebd29e24ac10c41b012d4d16a3c2e.mp4
406,44,,07d92b8690854c89305b35bbeedced3d.mp4
407,43,,b596edbb537be4ee564394aa0bd00580.mp4
408,42,,91f713a5855188bc9a429aa67d240b96.mp4
409,41,,27cc72504dd4795a842e0f81c7940274.mp4
410,40,,508729f7436032ec7881d56a07d13af7.mp4
411,36,,5f0ce9c734b522c3fb23136b3d98d670_720w.mp4
412,35,,8bebb4d0054cf63f287bf82376b9512c.mp4
413,34,,5e0629e6643b4261a89d83542b56040c.mp4
414,33,,e3a2c968b1005c0d63cffabac9ccb5ea.mp4
415,32,#BMW,1066c28fbba62c467e5064bf3599eb08.mp4
416,31,#Porsche,180bfe83f5e6008d81a1ab8da03c7291.mp4
417,30,"I'm Sure you guys will not see this car before

Which one is this?ğŸ’€

COMMENTS BELOWğŸ˜‰ğŸ˜",1c927edf29efadd110748377d5f5f6d1.mp4
418,29,#Koenigsegg,b4858924c90d568ecf3c09d478fbcd8f.mp4
419,27,#Mustang,9da59267837ee1f233184758f71995da.mp4
420,26,#BMW,b71d60335f58562e9d2da8d0e06e4013.mp4
421,25,#Meclaren,2b6a4954a210505fd2d9af2d91b3175e.mp4
422,24,#Meclaren,e71960986dd0533011548ab063d405b6.mp4
423,23,#Supra #BMW,b50b367b25714b85b46bc60610bcad76.mp4
424,22,#BMW,f6d933186bf591696c03ca2be0ecf217.mp4
425,21,#Corvette,655724455cc6890674936d33a9359486.mp4
426,20,#Lamborghini,83f616e77a986976f8525028e5bd6956.mp4
427,19,#Lamborghini,1769c297d3ceb6cac37eee12d3ae5644.mp4
428,18,#Porsche,94f0a9291d07316edbc3da3a24a7ebd7.mp4
429,17,#Porsche,d012525b7b3865e1f9085676f2b91892.mp4
430,16,#Porsche,8252403115c55466cc7f30e551b96487.mp4
431,15,#Ferrari,8844d506e26f7d07f275ab947468d1c1.mp4
432,14,,1fe428d987c0a2fac1bf9a137fe40e66.mp4
433,13,#Ferrari,37d9bef8d88848945a4f3060094a3b4a_720w.mp4
434,12,#Ferrari 812,eef212d1ab231bd072f57aa0a4dbd649.mp4
435,11,#Ferrari 488 GTB,1843f63be786341bc392a046aa2bd679.mp4
436,10,#BMW,BMW SUBWAY.mp4
437,9,#BMW,BMW LOGO SHOW.mp4
438,8,"Feel The Power.! 

#BMW M3",#BMW M3 1.mp4
